"","setname","teamName","opponent","season","wonMatch","wonSet","serveErr","setErr","attackErr","freeballErr","ace","kill","stuffBlock","unforcedErrs","earnedPts"
"1","180824 CU vs ORU 3-1s1","CU","ORU","CU 18","TRUE","TRUE",3,2,6,1,2,19,7,12,28
"2","180824 CU vs ORU 3-1s1","ORU","CU","18","FALSE","FALSE",3,2,6,1,2,19,7,12,28
"3","180824 CU vs ORU 3-1s2","CU","ORU","CU 18","TRUE","FALSE",3,3,7,1,1,20,4,14,25
"4","180824 CU vs ORU 3-1s2","ORU","CU","18","FALSE","TRUE",3,3,7,1,1,20,4,14,25
"5","180824 CU vs ORU 3-1s3","CU","ORU","CU 18","TRUE","TRUE",5,1,7,1,3,22,5,14,30
"6","180824 CU vs ORU 3-1s3","ORU","CU","18","FALSE","FALSE",5,1,7,1,3,22,5,14,30
"7","180824 CU vs ORU 3-1s4","CU","ORU","CU 18","TRUE","TRUE",5,1,10,0,0,26,1,16,27
"8","180824 CU vs ORU 3-1s4","ORU","CU","18","FALSE","FALSE",5,1,10,0,0,26,1,16,27
"9","180824 CU vs UNF 3-0s1","CU","UNF","CU 18","TRUE","TRUE",5,0,5,2,2,28,6,12,36
"10","180824 CU vs UNF 3-0s1","UNF","CU","18","FALSE","FALSE",5,0,5,2,2,28,6,12,36
"11","180824 CU vs UNF 3-0s2","CU","UNF","CU 18","TRUE","TRUE",3,3,7,0,0,24,5,13,29
"12","180824 CU vs UNF 3-0s2","UNF","CU","18","FALSE","FALSE",3,3,7,0,0,24,5,13,29
"13","180824 CU vs UNF 3-0s3","CU","UNF","CU 18","TRUE","TRUE",1,3,7,1,2,25,3,12,30
"14","180824 CU vs UNF 3-0s3","UNF","CU","18","FALSE","FALSE",1,3,7,1,2,25,3,12,30
"15","180825 CU @ WY 2-3s1","CU","WY","CU 18","FALSE","FALSE",5,1,6,1,1,26,8,13,35
"16","180825 CU @ WY 2-3s1","WY","CU","18","TRUE","TRUE",5,1,6,1,1,26,8,13,35
"17","180825 CU @ WY 2-3s2","CU","WY","CU 18","FALSE","FALSE",5,1,5,0,2,30,2,11,34
"18","180825 CU @ WY 2-3s2","WY","CU","18","TRUE","TRUE",5,1,5,0,2,30,2,11,34
"19","180825 CU @ WY 2-3s3","CU","WY","CU 18","FALSE","TRUE",1,1,6,1,3,29,5,9,37
"20","180825 CU @ WY 2-3s3","WY","CU","18","TRUE","FALSE",1,1,6,1,3,29,5,9,37
"21","180825 CU @ WY 2-3s4","CU","WY","CU 18","FALSE","TRUE",4,0,6,0,0,22,9,10,31
"22","180825 CU @ WY 2-3s4","WY","CU","18","TRUE","FALSE",4,0,6,0,0,22,9,10,31
"23","180825 CU @ WY 2-3s5","CU","WY","CU 18","FALSE","FALSE",6,0,4,0,0,16,1,10,17
"24","180825 CU @ WY 2-3s5","WY","CU","18","TRUE","TRUE",6,0,4,0,0,16,1,10,17
"25","180831 CU vs IL 0-3s1","CU","IL","CU 18","FALSE","FALSE",5,2,6,0,3,25,3,13,31
"26","180831 CU vs IL 0-3s1","IL","CU","18","TRUE","TRUE",5,2,6,0,3,25,3,13,31
"27","180831 CU vs IL 0-3s2","CU","IL","CU 18","FALSE","FALSE",6,1,6,0,0,27,9,13,36
"28","180831 CU vs IL 0-3s2","IL","CU","18","TRUE","TRUE",6,1,6,0,0,27,9,13,36
"29","180831 CU vs IL 0-3s3","CU","IL","CU 18","FALSE","FALSE",4,1,6,0,4,25,6,11,35
"30","180831 CU vs IL 0-3s3","IL","CU","18","TRUE","TRUE",4,1,6,0,4,25,6,11,35
"31","180901 CU vs IA 3-1s1","CU","IA","CU 18","TRUE","TRUE",4,0,7,1,3,25,4,12,32
"32","180901 CU vs IA 3-1s1","IA","CU","18","FALSE","FALSE",4,0,7,1,3,25,4,12,32
"33","180901 CU vs IA 3-1s2","CU","IA","CU 18","TRUE","TRUE",7,0,2,0,3,29,5,9,37
"34","180901 CU vs IA 3-1s2","IA","CU","18","FALSE","FALSE",7,0,2,0,3,29,5,9,37
"35","180901 CU vs IA 3-1s3","CU","IA","CU 18","TRUE","FALSE",8,1,7,0,0,27,4,16,31
"36","180901 CU vs IA 3-1s3","IA","CU","18","FALSE","TRUE",8,1,7,0,0,27,4,16,31
"37","180901 CU vs IA 3-1s4","CU","IA","CU 18","TRUE","TRUE",1,1,2,0,3,24,7,4,34
"38","180901 CU vs IA 3-1s4","IA","CU","18","FALSE","FALSE",1,1,2,0,3,24,7,4,34
"39","180907 CU vs GA 1-3s1","CU","GA","CU 18","FALSE","FALSE",6,1,7,0,1,29,2,14,32
"40","180907 CU vs GA 1-3s1","GA","CU","18","TRUE","TRUE",6,1,7,0,1,29,2,14,32
"41","180907 CU vs GA 1-3s2","CU","GA","CU 18","FALSE","TRUE",1,1,5,3,3,32,3,10,38
"42","180907 CU vs GA 1-3s2","GA","CU","18","TRUE","FALSE",1,1,5,3,3,32,3,10,38
"43","180907 CU vs GA 1-3s3","CU","GA","CU 18","FALSE","FALSE",6,0,11,1,2,24,4,18,30
"44","180907 CU vs GA 1-3s3","GA","CU","18","TRUE","TRUE",6,0,11,1,2,24,4,18,30
"45","180907 CU vs GA 1-3s4","CU","GA","CU 18","FALSE","FALSE",4,0,5,0,1,32,2,9,35
"46","180907 CU vs GA 1-3s4","GA","CU","18","TRUE","TRUE",4,0,5,0,1,32,2,9,35
"47","180908 CU vs NC 3-0s1","CU","NC","CU 18","TRUE","TRUE",3,0,6,0,3,23,4,9,30
"48","180908 CU vs NC 3-0s1","NC","CU","18","FALSE","FALSE",3,0,6,0,3,23,4,9,30
"49","180908 CU vs NC 3-0s2","CU","NC","CU 18","TRUE","TRUE",4,2,3,0,3,26,5,9,34
"50","180908 CU vs NC 3-0s2","NC","CU","18","FALSE","FALSE",4,2,3,0,3,26,5,9,34
"51","180908 CU vs NC 3-0s3","CU","NC","CU 18","TRUE","TRUE",2,2,8,1,3,26,3,13,32
"52","180908 CU vs NC 3-0s3","NC","CU","18","FALSE","FALSE",2,2,8,1,3,26,3,13,32
"53","180908 CU vs OK 3-0s1","CU","OK","CU 18","TRUE","TRUE",4,1,4,0,1,23,4,9,28
"54","180908 CU vs OK 3-0s1","OK","CU","18","FALSE","FALSE",4,1,4,0,1,23,4,9,28
"55","180908 CU vs OK 3-0s2","CU","OK","CU 18","TRUE","TRUE",4,0,7,0,6,29,4,11,39
"56","180908 CU vs OK 3-0s2","OK","CU","18","FALSE","FALSE",4,0,7,0,6,29,4,11,39
"57","180908 CU vs OK 3-0s3","CU","OK","CU 18","TRUE","TRUE",4,0,4,1,2,23,6,9,31
"58","180908 CU vs OK 3-0s3","OK","CU","18","FALSE","FALSE",4,0,4,1,2,23,6,9,31
"59","180914 CU vs Portland St 3-0s1","CU","Portland St","CU 18","TRUE","TRUE",4,1,4,0,4,21,2,9,27
"60","180914 CU vs Portland St 3-0s1","Portland St","CU","18","FALSE","FALSE",4,1,4,0,4,21,2,9,27
"61","180914 CU vs Portland St 3-0s2","CU","Portland St","CU 18","TRUE","TRUE",4,1,6,1,3,20,6,12,29
"62","180914 CU vs Portland St 3-0s2","Portland St","CU","18","FALSE","FALSE",4,1,6,1,3,20,6,12,29
"63","180914 CU vs Portland St 3-0s3","CU","Portland St","CU 18","TRUE","TRUE",6,1,7,1,2,23,4,15,29
"64","180914 CU vs Portland St 3-0s3","Portland St","CU","18","FALSE","FALSE",6,1,7,1,2,23,4,15,29
"65","180915 CU vs CO St 3-1s1","CO St","CU","18","FALSE","FALSE",6,1,5,0,4,31,7,12,42
"66","180915 CU vs CO St 3-1s1","CU","CO St","CU 18","TRUE","TRUE",6,1,5,0,4,31,7,12,42
"67","180915 CU vs CO St 3-1s2","CO St","CU","18","FALSE","FALSE",4,0,10,0,1,31,4,14,36
"68","180915 CU vs CO St 3-1s2","CU","CO St","CU 18","TRUE","TRUE",4,0,10,0,1,31,4,14,36
"69","180915 CU vs CO St 3-1s3","CO St","CU","18","FALSE","TRUE",6,0,7,1,3,23,4,14,30
"70","180915 CU vs CO St 3-1s3","CU","CO St","CU 18","TRUE","FALSE",6,0,7,1,3,23,4,14,30
"71","180915 CU vs CO St 3-1s4","CO St","CU","18","FALSE","FALSE",0,1,8,0,3,27,8,9,38
"72","180915 CU vs CO St 3-1s4","CU","CO St","CU 18","TRUE","TRUE",0,1,8,0,3,27,8,9,38
"73","180915 CU vs IN St 3-0s1","CU","IN St","CU 18","TRUE","TRUE",3,0,7,1,1,27,2,11,30
"74","180915 CU vs IN St 3-0s1","IN St","CU","18","FALSE","FALSE",3,0,7,1,1,27,2,11,30
"75","180915 CU vs IN St 3-0s2","CU","IN St","CU 18","TRUE","TRUE",1,3,8,0,0,26,5,12,31
"76","180915 CU vs IN St 3-0s2","IN St","CU","18","FALSE","FALSE",1,3,8,0,0,26,5,12,31
"77","180915 CU vs IN St 3-0s3","CU","IN St","CU 18","TRUE","TRUE",2,2,10,1,2,26,5,15,33
"78","180915 CU vs IN St 3-0s3","IN St","CU","18","FALSE","FALSE",2,2,10,1,2,26,5,15,33
"79","180919 CU vs UT 3-2s1","CU","UT","CU 18","TRUE","FALSE",4,2,8,0,2,26,3,14,31
"80","180919 CU vs UT 3-2s1","UT","CU","18","FALSE","TRUE",4,2,8,0,2,26,3,14,31
"81","180919 CU vs UT 3-2s2","CU","UT","CU 18","TRUE","TRUE",3,1,8,0,1,26,7,12,34
"82","180919 CU vs UT 3-2s2","UT","CU","18","FALSE","FALSE",3,1,8,0,1,26,7,12,34
"83","180919 CU vs UT 3-2s3","CU","UT","CU 18","TRUE","FALSE",5,0,2,0,3,22,6,7,31
"84","180919 CU vs UT 3-2s3","UT","CU","18","FALSE","TRUE",5,0,2,0,3,22,6,7,31
"85","180919 CU vs UT 3-2s4","CU","UT","CU 18","TRUE","TRUE",2,0,10,0,1,23,7,12,31
"86","180919 CU vs UT 3-2s4","UT","CU","18","FALSE","FALSE",2,0,10,0,1,23,7,12,31
"87","180919 CU vs UT 3-2s5","CU","UT","CU 18","TRUE","TRUE",2,0,4,0,2,19,1,6,22
"88","180919 CU vs UT 3-2s5","UT","CU","18","FALSE","FALSE",2,0,4,0,2,19,1,6,22
"89","190830 CU vs WY 3-0s1","CU","WY","CU 19","TRUE","TRUE",3,0,6,1,4,24,5,10,33
"90","190830 CU vs WY 3-0s1","WY","CU","19","FALSE","FALSE",3,0,6,1,4,24,5,10,33
"91","190830 CU vs WY 3-0s2","CU","WY","CU 19","TRUE","TRUE",2,1,11,0,1,29,4,14,34
"92","190830 CU vs WY 3-0s2","WY","CU","19","FALSE","FALSE",2,1,11,0,1,29,4,14,34
"93","190830 CU vs WY 3-0s3","CU","WY","CU 19","TRUE","TRUE",6,0,5,0,2,24,10,11,36
"94","190830 CU vs WY 3-0s3","WY","CU","19","FALSE","FALSE",6,0,5,0,2,24,10,11,36
"95","190831 CU vs LIU 3-0s1","CU","LIU","CU 19","TRUE","TRUE",8,0,10,1,0,23,4,19,27
"96","190831 CU vs LIU 3-0s1","LIU","CU","19","FALSE","FALSE",8,0,10,1,0,23,4,19,27
"97","190831 CU vs LIU 3-0s2","CU","LIU","CU 19","TRUE","TRUE",3,1,7,0,4,20,5,11,29
"98","190831 CU vs LIU 3-0s2","LIU","CU","19","FALSE","FALSE",3,1,7,0,4,20,5,11,29
"99","190831 CU vs LIU 3-0s3","CU","LIU","CU 19","TRUE","TRUE",4,0,16,1,1,23,3,21,27
"100","190831 CU vs LIU 3-0s3","LIU","CU","19","FALSE","FALSE",4,0,16,1,1,23,3,21,27
"101","190831 CU vs UCSB 3-1s1","CU","UCSB","CU 19","TRUE","TRUE",4,0,8,0,5,19,5,12,29
"102","190831 CU vs UCSB 3-1s1","UCSB","CU","19","FALSE","FALSE",4,0,8,0,5,19,5,12,29
"103","190831 CU vs UCSB 3-1s2","CU","UCSB","CU 19","TRUE","TRUE",2,0,6,0,1,28,7,8,36
"104","190831 CU vs UCSB 3-1s2","UCSB","CU","19","FALSE","FALSE",2,0,6,0,1,28,7,8,36
"105","190831 CU vs UCSB 3-1s3","CU","UCSB","CU 19","TRUE","FALSE",3,1,8,0,2,26,6,12,34
"106","190831 CU vs UCSB 3-1s3","UCSB","CU","19","FALSE","TRUE",3,1,8,0,2,26,6,12,34
"107","190831 CU vs UCSB 3-1s4","CU","UCSB","CU 19","TRUE","TRUE",7,0,8,0,0,27,4,15,31
"108","190831 CU vs UCSB 3-1s4","UCSB","CU","19","FALSE","FALSE",7,0,8,0,0,27,4,15,31
"109","190906 CU @ IA 3-0s1","CU","IA","CU 19","TRUE","TRUE",5,0,8,0,1,27,6,13,34
"110","190906 CU @ IA 3-0s1","IA","CU","19","FALSE","FALSE",5,0,8,0,1,27,6,13,34
"111","190906 CU @ IA 3-0s2","CU","IA","CU 19","TRUE","TRUE",10,0,5,1,1,26,2,16,29
"112","190906 CU @ IA 3-0s2","IA","CU","19","FALSE","FALSE",10,0,5,1,1,26,2,16,29
"113","190906 CU @ IA 3-0s3","CU","IA","CU 19","TRUE","TRUE",10,0,2,0,0,29,7,12,36
"114","190906 CU @ IA 3-0s3","IA","CU","19","FALSE","FALSE",10,0,2,0,0,29,7,12,36
"115","190907 CU vs IL 3-0s1","CU","IL","CU 19","TRUE","TRUE",7,0,4,2,5,35,5,13,45
"116","190907 CU vs IL 3-0s1","IL","CU","19","FALSE","FALSE",7,0,4,2,5,35,5,13,45
"117","190907 CU vs IL 3-0s2","CU","IL","CU 19","TRUE","TRUE",5,0,3,0,5,23,8,8,36
"118","190907 CU vs IL 3-0s2","IL","CU","19","FALSE","FALSE",5,0,3,0,5,23,8,8,36
"119","190907 CU vs IL 3-0s3","CU","IL","CU 19","TRUE","TRUE",6,2,1,0,4,30,2,9,36
"120","190907 CU vs IL 3-0s3","IL","CU","19","FALSE","FALSE",6,2,1,0,4,30,2,9,36
"121","190912 CU @ CO St 0-3s1","CO St","CU","19","TRUE","TRUE",5,1,9,0,1,18,3,15,22
"122","190912 CU @ CO St 0-3s1","CU","CO St","CU 19","FALSE","FALSE",5,1,9,0,1,18,3,15,22
"123","190912 CU @ CO St 0-3s2","CO St","CU","19","TRUE","TRUE",4,3,9,0,2,15,4,16,21
"124","190912 CU @ CO St 0-3s2","CU","CO St","CU 19","FALSE","FALSE",4,3,9,0,2,15,4,16,21
"125","190912 CU @ CO St 0-3s3","CO St","CU","19","TRUE","TRUE",9,0,3,0,3,27,4,12,34
"126","190912 CU @ CO St 0-3s3","CU","CO St","CU 19","FALSE","FALSE",9,0,3,0,3,27,4,12,34
"127","190913 CU vs CO St 2-3s1","CO St","CU","19","TRUE","FALSE",6,0,5,0,2,16,7,11,25
"128","190913 CU vs CO St 2-3s1","CU","CO St","CU 19","FALSE","TRUE",6,0,5,0,2,16,7,11,25
"129","190913 CU vs CO St 2-3s2","CO St","CU","19","TRUE","TRUE",1,0,6,1,1,32,7,8,40
"130","190913 CU vs CO St 2-3s2","CU","CO St","CU 19","FALSE","FALSE",1,0,6,1,1,32,7,8,40
"131","190913 CU vs CO St 2-3s3","CO St","CU","19","TRUE","TRUE",5,2,5,0,4,22,6,12,32
"132","190913 CU vs CO St 2-3s3","CU","CO St","CU 19","FALSE","FALSE",5,2,5,0,4,22,6,12,32
"133","190913 CU vs CO St 2-3s4","CO St","CU","19","TRUE","FALSE",6,0,7,1,3,22,6,14,31
"134","190913 CU vs CO St 2-3s4","CU","CO St","CU 19","FALSE","TRUE",6,0,7,1,3,22,6,14,31
"135","190913 CU vs CO St 2-3s5","CO St","CU","19","TRUE","TRUE",3,1,5,0,0,11,2,9,13
"136","190913 CU vs CO St 2-3s5","CU","CO St","CU 19","FALSE","FALSE",3,1,5,0,0,11,2,9,13
"137","190920 CU vs Oakland 3-1s1","CU","Oakland","CU 19","TRUE","TRUE",4,0,10,0,1,23,1,14,25
"138","190920 CU vs Oakland 3-1s1","Oakland","CU","19","FALSE","FALSE",4,0,10,0,1,23,1,14,25
"139","190920 CU vs Oakland 3-1s2","CU","Oakland","CU 19","TRUE","TRUE",4,1,4,1,1,22,4,10,27
"140","190920 CU vs Oakland 3-1s2","Oakland","CU","19","FALSE","FALSE",4,1,4,1,1,22,4,10,27
"141","190920 CU vs Oakland 3-1s3","CU","Oakland","CU 19","TRUE","FALSE",8,0,4,0,3,31,4,12,38
"142","190920 CU vs Oakland 3-1s3","Oakland","CU","19","FALSE","TRUE",8,0,4,0,3,31,4,12,38
"143","190920 CU vs Oakland 3-1s4","CU","Oakland","CU 19","TRUE","TRUE",3,1,6,1,0,23,5,11,28
"144","190920 CU vs Oakland 3-1s4","Oakland","CU","19","FALSE","FALSE",3,1,6,1,0,23,5,11,28
"145","190921 CU vs Campbell 3-0s1","CU","Campbell","CU 19","TRUE","TRUE",5,0,7,0,1,19,3,12,23
"146","190921 CU vs Campbell 3-0s1","Campbell","CU","19","FALSE","FALSE",5,0,7,0,1,19,3,12,23
"147","190921 CU vs Campbell 3-0s2","CU","Campbell","CU 19","TRUE","TRUE",4,0,8,1,1,22,3,13,26
"148","190921 CU vs Campbell 3-0s2","Campbell","CU","19","FALSE","FALSE",4,0,8,1,1,22,3,13,26
"149","190921 CU vs Campbell 3-0s3","CU","Campbell","CU 19","TRUE","TRUE",3,1,8,0,4,27,3,12,34
"150","190921 CU vs Campbell 3-0s3","Campbell","CU","19","FALSE","FALSE",3,1,8,0,4,27,3,12,34
"151","190921 CU vs UMBC 3-0s1","CU","UMBC","CU 19","TRUE","TRUE",2,0,9,1,3,32,1,12,36
"152","190921 CU vs UMBC 3-0s1","UMBC","CU","19","FALSE","FALSE",2,0,9,1,3,32,1,12,36
"153","190921 CU vs UMBC 3-0s2","CU","UMBC","CU 19","TRUE","TRUE",4,0,2,2,5,16,3,8,24
"154","190921 CU vs UMBC 3-0s2","UMBC","CU","19","FALSE","FALSE",4,0,2,2,5,16,3,8,24
"155","190921 CU vs UMBC 3-0s3","CU","UMBC","CU 19","TRUE","TRUE",4,0,9,0,4,19,7,13,30
"156","190921 CU vs UMBC 3-0s3","UMBC","CU","19","FALSE","FALSE",4,0,9,0,4,19,7,13,30
"157","190925 CU @ UT 0-3s1","CU","UT","CU 19","FALSE","FALSE",1,0,6,0,1,25,3,7,29
"158","190925 CU @ UT 0-3s1","UT","CU","19","TRUE","TRUE",1,0,6,0,1,25,3,7,29
"159","190925 CU @ UT 0-3s2","CU","UT","CU 19","FALSE","FALSE",3,0,8,0,4,29,3,11,36
"160","190925 CU @ UT 0-3s2","UT","CU","19","TRUE","TRUE",3,0,8,0,4,29,3,11,36
"161","190925 CU @ UT 0-3s3","CU","UT","CU 19","FALSE","FALSE",3,0,8,0,4,26,7,11,37
"162","190925 CU @ UT 0-3s3","UT","CU","19","TRUE","TRUE",3,0,8,0,4,26,7,11,37
"163","190927 CU @ OR St 1-3s1","CU","OR St","CU 19","FALSE","TRUE",5,0,3,1,3,28,7,9,38
"164","190927 CU @ OR St 1-3s1","OR St","CU","19","TRUE","FALSE",5,0,3,1,3,28,7,9,38
"165","190927 CU @ OR St 1-3s2","CU","OR St","CU 19","FALSE","FALSE",5,2,9,1,0,22,4,17,26
"166","190927 CU @ OR St 1-3s2","OR St","CU","19","TRUE","TRUE",5,2,9,1,0,22,4,17,26
"167","190927 CU @ OR St 1-3s3","CU","OR St","CU 19","FALSE","FALSE",4,1,4,1,3,26,5,10,34
"168","190927 CU @ OR St 1-3s3","OR St","CU","19","TRUE","TRUE",4,1,4,1,3,26,5,10,34
"169","190927 CU @ OR St 1-3s4","CU","OR St","CU 19","FALSE","FALSE",1,1,6,0,4,25,7,8,36
"170","190927 CU @ OR St 1-3s4","OR St","CU","19","TRUE","TRUE",1,1,6,0,4,25,7,8,36
"171","191004 CU @ AZ St 1-3s1","AZ St","CU","19","TRUE","TRUE",16,3,8,0,3,25,5,27,33
"172","191004 CU @ AZ St 1-3s1","CU","AZ St","CU 19","FALSE","FALSE",16,3,8,0,3,25,5,27,33
"173","191004 CU @ AZ St 1-3s2","AZ St","CU","19","TRUE","TRUE",2,3,7,1,3,27,4,13,34
"174","191004 CU @ AZ St 1-3s2","CU","AZ St","CU 19","FALSE","FALSE",2,3,7,1,3,27,4,13,34
"175","191004 CU @ AZ St 1-3s3","AZ St","CU","19","TRUE","FALSE",5,1,3,1,3,20,8,10,31
"176","191004 CU @ AZ St 1-3s3","CU","AZ St","CU 19","FALSE","TRUE",5,1,3,1,3,20,8,10,31
"177","191004 CU @ AZ St 1-3s4","AZ St","CU","19","TRUE","TRUE",4,0,7,0,3,23,6,11,32
"178","191004 CU @ AZ St 1-3s4","CU","AZ St","CU 19","FALSE","FALSE",4,0,7,0,3,23,6,11,32
"179","191006 CU @ AZ 0-3s1","AZ","CU","19","TRUE","TRUE",5,1,7,0,2,20,3,13,25
"180","191006 CU @ AZ 0-3s1","CU","AZ","CU 19","FALSE","FALSE",5,1,7,0,2,20,3,13,25
"181","191006 CU @ AZ 0-3s2","AZ","CU","19","TRUE","TRUE",6,0,3,1,3,37,2,10,42
"182","191006 CU @ AZ 0-3s2","CU","AZ","CU 19","FALSE","FALSE",6,0,3,1,3,37,2,10,42
"183","191006 CU @ AZ 0-3s3","AZ","CU","19","TRUE","TRUE",4,1,6,1,2,31,5,12,38
"184","191006 CU @ AZ 0-3s3","CU","AZ","CU 19","FALSE","FALSE",4,1,6,1,2,31,5,12,38
"185","191011 CU vs USC 1-3s1","CU","USC","CU 19","FALSE","FALSE",2,0,5,1,2,30,10,8,42
"186","191011 CU vs USC 1-3s1","USC","CU","19","TRUE","TRUE",2,0,5,1,2,30,10,8,42
"187","191011 CU vs USC 1-3s2","CU","USC","CU 19","FALSE","FALSE",7,0,5,0,2,26,5,12,33
"188","191011 CU vs USC 1-3s2","USC","CU","19","TRUE","TRUE",7,0,5,0,2,26,5,12,33
"189","191011 CU vs USC 1-3s3","CU","USC","CU 19","FALSE","TRUE",5,0,3,0,5,31,4,8,40
"190","191011 CU vs USC 1-3s3","USC","CU","19","TRUE","FALSE",5,0,3,0,5,31,4,8,40
"191","191011 CU vs USC 1-3s4","CU","USC","CU 19","FALSE","FALSE",6,1,2,0,5,28,6,9,39
"192","191011 CU vs USC 1-3s4","USC","CU","19","TRUE","TRUE",6,1,2,0,5,28,6,9,39
"193","191013 CU vs UCLA 0-3s1","CU","UCLA","CU 19","FALSE","FALSE",6,0,9,1,2,20,2,16,24
"194","191013 CU vs UCLA 0-3s1","UCLA","CU","19","TRUE","TRUE",6,0,9,1,2,20,2,16,24
"195","191013 CU vs UCLA 0-3s2","CU","UCLA","CU 19","FALSE","FALSE",1,2,6,2,2,29,6,11,37
"196","191013 CU vs UCLA 0-3s2","UCLA","CU","19","TRUE","TRUE",1,2,6,2,2,29,6,11,37
"197","191013 CU vs UCLA 0-3s3","CU","UCLA","CU 19","FALSE","FALSE",5,0,5,0,3,26,4,10,33
"198","191013 CU vs UCLA 0-3s3","UCLA","CU","19","TRUE","TRUE",5,0,5,0,3,26,4,10,33
"199","191018 CU @ Stan 0-3s1","CU","Stan","CU 19","FALSE","FALSE",8,0,7,0,0,28,4,15,32
"200","191018 CU @ Stan 0-3s1","Stan","CU","19","TRUE","TRUE",8,0,7,0,0,28,4,15,32
"201","191018 CU @ Stan 0-3s2","CU","Stan","CU 19","FALSE","FALSE",2,0,6,0,3,20,6,8,29
"202","191018 CU @ Stan 0-3s2","Stan","CU","19","TRUE","TRUE",2,0,6,0,3,20,6,8,29
"203","191018 CU @ Stan 0-3s3","CU","Stan","CU 19","FALSE","FALSE",7,1,4,0,4,20,3,12,27
"204","191018 CU @ Stan 0-3s3","Stan","CU","19","TRUE","TRUE",7,1,4,0,4,20,3,12,27
"205","191020 CU @ Cal 2-3s1","CU","Cal","CU 19","FALSE","FALSE",3,0,12,0,0,30,3,15,33
"206","191020 CU @ Cal 2-3s1","Cal","CU","19","TRUE","TRUE",3,0,12,0,0,30,3,15,33
"207","191020 CU @ Cal 2-3s2","CU","Cal","CU 19","FALSE","FALSE",2,0,0,0,2,37,6,2,45
"208","191020 CU @ Cal 2-3s2","Cal","CU","19","TRUE","TRUE",2,0,0,0,2,37,6,2,45
"209","191020 CU @ Cal 2-3s3","CU","Cal","CU 19","FALSE","TRUE",4,0,3,1,3,38,1,8,42
"210","191020 CU @ Cal 2-3s3","Cal","CU","19","TRUE","FALSE",4,0,3,1,3,38,1,8,42
"211","191020 CU @ Cal 2-3s4","CU","Cal","CU 19","FALSE","TRUE",3,0,4,1,2,36,6,8,44
"212","191020 CU @ Cal 2-3s4","Cal","CU","19","TRUE","FALSE",3,0,4,1,2,36,6,8,44
"213","191020 CU @ Cal 2-3s5","CU","Cal","CU 19","FALSE","FALSE",1,0,3,0,0,24,2,4,26
"214","191020 CU @ Cal 2-3s5","Cal","CU","19","TRUE","TRUE",1,0,3,0,0,24,2,4,26
"215","191024 CU vs WA St 0-3s1","CU","WA St","CU 19","FALSE","FALSE",3,0,7,0,3,24,5,10,32
"216","191024 CU vs WA St 0-3s1","WA St","CU","19","TRUE","TRUE",3,0,7,0,3,24,5,10,32
"217","191024 CU vs WA St 0-3s2","CU","WA St","CU 19","FALSE","FALSE",4,1,4,2,3,26,8,11,37
"218","191024 CU vs WA St 0-3s2","WA St","CU","19","TRUE","TRUE",4,1,4,2,3,26,8,11,37
"219","191024 CU vs WA St 0-3s3","CU","WA St","CU 19","FALSE","FALSE",1,2,6,1,2,20,9,10,31
"220","191024 CU vs WA St 0-3s3","WA St","CU","19","TRUE","TRUE",1,2,6,1,2,20,9,10,31
"221","191027 CU vs WA 1-3s1","CU","WA","CU 19","FALSE","FALSE",3,0,6,0,3,25,3,9,31
"222","191027 CU vs WA 1-3s1","WA","CU","19","TRUE","TRUE",3,0,6,0,3,25,3,9,31
"223","191027 CU vs WA 1-3s2","CU","WA","CU 19","FALSE","FALSE",2,0,8,0,2,28,5,10,35
"224","191027 CU vs WA 1-3s2","WA","CU","19","TRUE","TRUE",2,0,8,0,2,28,5,10,35
"225","191027 CU vs WA 1-3s3","CU","WA","CU 19","FALSE","TRUE",3,0,4,0,3,31,6,7,40
"226","191027 CU vs WA 1-3s3","WA","CU","19","TRUE","FALSE",3,0,4,0,3,31,6,7,40
"227","191027 CU vs WA 1-3s4","CU","WA","CU 19","FALSE","FALSE",3,0,3,0,1,20,11,6,32
"228","191027 CU vs WA 1-3s4","WA","CU","19","TRUE","TRUE",3,0,3,0,1,20,11,6,32
"229","191101 CU vs AZ 3-2s1","AZ","CU","19","FALSE","FALSE",5,1,5,0,2,27,6,11,35
"230","191101 CU vs AZ 3-2s1","CU","AZ","CU 19","TRUE","TRUE",5,1,5,0,2,27,6,11,35
"231","191101 CU vs AZ 3-2s2","AZ","CU","19","FALSE","FALSE",2,0,5,0,3,30,3,7,36
"232","191101 CU vs AZ 3-2s2","CU","AZ","CU 19","TRUE","TRUE",2,0,5,0,3,30,3,7,36
"233","191101 CU vs AZ 3-2s3","AZ","CU","19","FALSE","TRUE",3,2,9,0,5,20,9,14,34
"234","191101 CU vs AZ 3-2s3","CU","AZ","CU 19","TRUE","FALSE",3,2,9,0,5,20,9,14,34
"235","191101 CU vs AZ 3-2s4","AZ","CU","19","FALSE","TRUE",3,0,6,0,0,33,5,9,38
"236","191101 CU vs AZ 3-2s4","CU","AZ","CU 19","TRUE","FALSE",3,0,6,0,0,33,5,9,38
"237","191101 CU vs AZ 3-2s5","AZ","CU","19","FALSE","FALSE",1,0,5,0,1,17,2,6,20
"238","191101 CU vs AZ 3-2s5","CU","AZ","CU 19","TRUE","TRUE",1,0,5,0,1,17,2,6,20
"239","191103 CU vs AZ St 3-0s1","AZ St","CU","19","FALSE","FALSE",4,1,6,0,3,20,5,11,28
"240","191103 CU vs AZ St 3-0s1","CU","AZ St","CU 19","TRUE","TRUE",4,1,6,0,3,20,5,11,28
"241","191103 CU vs AZ St 3-0s2","AZ St","CU","19","FALSE","FALSE",3,0,10,1,1,25,2,14,28
"242","191103 CU vs AZ St 3-0s2","CU","AZ St","CU 19","TRUE","TRUE",3,0,10,1,1,25,2,14,28
"243","191103 CU vs AZ St 3-0s3","AZ St","CU","19","FALSE","FALSE",6,2,7,0,3,30,0,15,33
"244","191103 CU vs AZ St 3-0s3","CU","AZ St","CU 19","TRUE","TRUE",6,2,7,0,3,30,0,15,33
"245","191107 CU @ UCLA 3-0s1","CU","UCLA","CU 19","TRUE","TRUE",4,0,5,0,1,31,5,9,37
"246","191107 CU @ UCLA 3-0s1","UCLA","CU","19","FALSE","FALSE",4,0,5,0,1,31,5,9,37
"247","191107 CU @ UCLA 3-0s2","CU","UCLA","CU 19","TRUE","TRUE",11,2,7,0,3,30,1,20,34
"248","191107 CU @ UCLA 3-0s2","UCLA","CU","19","FALSE","FALSE",11,2,7,0,3,30,1,20,34
"249","191107 CU @ UCLA 3-0s3","CU","UCLA","CU 19","TRUE","TRUE",2,1,8,2,2,24,8,13,34
"250","191107 CU @ UCLA 3-0s3","UCLA","CU","19","FALSE","FALSE",2,1,8,2,2,24,8,13,34
"251","191109 CU @ USC 1-3s1","CU","USC","CU 19","FALSE","FALSE",7,1,4,0,1,27,0,12,28
"252","191109 CU @ USC 1-3s1","USC","CU","19","TRUE","TRUE",7,1,4,0,1,27,0,12,28
"253","191109 CU @ USC 1-3s2","CU","USC","CU 19","FALSE","TRUE",4,2,2,0,3,29,8,8,40
"254","191109 CU @ USC 1-3s2","USC","CU","19","TRUE","FALSE",4,2,2,0,3,29,8,8,40
"255","191109 CU @ USC 1-3s3","CU","USC","CU 19","FALSE","FALSE",3,0,7,0,3,38,3,10,44
"256","191109 CU @ USC 1-3s3","USC","CU","19","TRUE","TRUE",3,0,7,0,3,38,3,10,44
"257","191109 CU @ USC 1-3s4","CU","USC","CU 19","FALSE","FALSE",4,1,9,0,2,22,6,14,30
"258","191109 CU @ USC 1-3s4","USC","CU","19","TRUE","TRUE",4,1,9,0,2,22,6,14,30
"259","191115 CU @ WA 0-3s1","CU","WA","CU 19","FALSE","FALSE",5,0,4,0,2,29,7,9,38
"260","191115 CU @ WA 0-3s1","WA","CU","19","TRUE","TRUE",5,0,4,0,2,29,7,9,38
"261","191115 CU @ WA 0-3s2","CU","WA","CU 19","FALSE","FALSE",3,1,3,1,5,23,6,8,34
"262","191115 CU @ WA 0-3s2","WA","CU","19","TRUE","TRUE",3,1,3,1,5,23,6,8,34
"263","191115 CU @ WA 0-3s3","CU","WA","CU 19","FALSE","FALSE",5,2,4,0,2,27,4,11,33
"264","191115 CU @ WA 0-3s3","WA","CU","19","TRUE","TRUE",5,2,4,0,2,27,4,11,33
"265","191117 CU @ WA St 2-3s1","CU","WA St","CU 19","FALSE","FALSE",1,0,5,1,3,34,4,7,41
"266","191117 CU @ WA St 2-3s1","WA St","CU","19","TRUE","TRUE",1,0,5,1,3,34,4,7,41
"267","191117 CU @ WA St 2-3s2","CU","WA St","CU 19","FALSE","TRUE",5,0,7,0,3,27,8,12,38
"268","191117 CU @ WA St 2-3s2","WA St","CU","19","TRUE","FALSE",5,0,7,0,3,27,8,12,38
"269","191117 CU @ WA St 2-3s3","CU","WA St","CU 19","FALSE","TRUE",6,0,7,2,1,21,1,15,23
"270","191117 CU @ WA St 2-3s3","WA St","CU","19","TRUE","FALSE",6,0,7,2,1,21,1,15,23
"271","191117 CU @ WA St 2-3s4","CU","WA St","CU 19","FALSE","FALSE",3,0,7,0,0,21,9,10,30
"272","191117 CU @ WA St 2-3s4","WA St","CU","19","TRUE","TRUE",3,0,7,0,0,21,9,10,30
"273","191117 CU @ WA St 2-3s5","CU","WA St","CU 19","FALSE","FALSE",1,1,2,0,1,17,2,4,20
"274","191117 CU @ WA St 2-3s5","WA St","CU","19","TRUE","TRUE",1,1,2,0,1,17,2,4,20
"275","191122 CU vs Cal 3-1s1","CU","Cal","CU 19","TRUE","TRUE",2,1,3,1,0,30,4,7,34
"276","191122 CU vs Cal 3-1s1","Cal","CU","19","FALSE","FALSE",2,1,3,1,0,30,4,7,34
"277","191122 CU vs Cal 3-1s2","CU","Cal","CU 19","TRUE","TRUE",3,0,11,0,2,26,6,14,34
"278","191122 CU vs Cal 3-1s2","Cal","CU","19","FALSE","FALSE",3,0,11,0,2,26,6,14,34
"279","191122 CU vs Cal 3-1s3","CU","Cal","CU 19","TRUE","FALSE",2,0,6,1,2,30,7,9,39
"280","191122 CU vs Cal 3-1s3","Cal","CU","19","FALSE","TRUE",2,0,6,1,2,30,7,9,39
"281","191122 CU vs Cal 3-1s4","CU","Cal","CU 19","TRUE","TRUE",2,0,6,0,4,25,6,8,35
"282","191122 CU vs Cal 3-1s4","Cal","CU","19","FALSE","FALSE",2,0,6,0,4,25,6,8,35
"283","191124 CU vs Stan 0-3s1","CU","Stan","CU 19","FALSE","FALSE",4,0,2,0,4,23,6,6,33
"284","191124 CU vs Stan 0-3s1","Stan","CU","19","TRUE","TRUE",4,0,2,0,4,23,6,6,33
"285","191124 CU vs Stan 0-3s2","CU","Stan","CU 19","FALSE","FALSE",3,1,4,0,3,17,2,8,22
"286","191124 CU vs Stan 0-3s2","Stan","CU","19","TRUE","TRUE",3,1,4,0,3,17,2,8,22
"287","191124 CU vs Stan 0-3s3","CU","Stan","CU 19","FALSE","FALSE",3,1,5,0,6,18,10,9,34
"288","191124 CU vs Stan 0-3s3","Stan","CU","19","TRUE","TRUE",3,1,5,0,6,18,10,9,34
"289","191127 CU vs OR 3-0s1","CU","OR","CU 19","TRUE","TRUE",4,2,5,1,6,36,4,12,46
"290","191127 CU vs OR 3-0s1","OR","CU","19","FALSE","FALSE",4,2,5,1,6,36,4,12,46
"291","191127 CU vs OR 3-0s2","CU","OR","CU 19","TRUE","TRUE",4,1,8,0,2,30,3,13,35
"292","191127 CU vs OR 3-0s2","OR","CU","19","FALSE","FALSE",4,1,8,0,2,30,3,13,35
"293","191127 CU vs OR 3-0s3","CU","OR","CU 19","TRUE","TRUE",7,0,5,0,3,27,5,12,35
"294","191127 CU vs OR 3-0s3","OR","CU","19","FALSE","FALSE",7,0,5,0,3,27,5,12,35
"295","191130 CU vs UT 0-3s1","CU","UT","CU 19","FALSE","FALSE",2,1,10,0,2,26,4,13,32
"296","191130 CU vs UT 0-3s1","UT","CU","19","TRUE","TRUE",2,1,10,0,2,26,4,13,32
"297","191130 CU vs UT 0-3s2","CU","UT","CU 19","FALSE","FALSE",3,0,11,0,2,20,7,14,29
"298","191130 CU vs UT 0-3s2","UT","CU","19","TRUE","TRUE",3,0,11,0,2,20,7,14,29
"299","191130 CU vs UT 0-3s3","CU","UT","CU 19","FALSE","FALSE",2,0,6,0,3,29,4,8,36
"300","191130 CU vs UT 0-3s3","UT","CU","19","TRUE","TRUE",2,0,6,0,3,29,4,8,36
"301","210117 CU vs Den 3-1s1","CU","Den","CU 21S","TRUE","TRUE",6,2,12,0,3,22,3,20,28
"302","210117 CU vs Den 3-1s1","Den","CU","21S","FALSE","FALSE",6,2,12,0,3,22,3,20,28
"303","210117 CU vs Den 3-1s2","CU","Den","CU 21S","TRUE","TRUE",4,0,12,0,3,22,3,16,28
"304","210117 CU vs Den 3-1s2","Den","CU","21S","FALSE","FALSE",4,0,12,0,3,22,3,16,28
"305","210117 CU vs Den 3-1s3","CU","Den","CU 21S","TRUE","FALSE",3,1,5,0,1,29,3,9,33
"306","210117 CU vs Den 3-1s3","Den","CU","21S","FALSE","TRUE",3,1,5,0,1,29,3,9,33
"307","210117 CU vs Den 3-1s4","CU","Den","CU 21S","TRUE","TRUE",1,0,7,0,4,30,5,8,39
"308","210117 CU vs Den 3-1s4","Den","CU","21S","FALSE","FALSE",1,0,7,0,4,30,5,8,39
"309","210122 CU vs OR St 3-0s1","CU","OR St","CU 21S","TRUE","TRUE",3,1,10,1,4,18,4,15,26
"310","210122 CU vs OR St 3-0s1","OR St","CU","21S","FALSE","FALSE",3,1,10,1,4,18,4,15,26
"311","210122 CU vs OR St 3-0s2","CU","OR St","CU 21S","TRUE","TRUE",5,1,9,0,3,27,3,15,33
"312","210122 CU vs OR St 3-0s2","OR St","CU","21S","FALSE","FALSE",5,1,9,0,3,27,3,15,33
"313","210122 CU vs OR St 3-0s3","CU","OR St","CU 21S","TRUE","TRUE",4,1,11,0,3,17,6,16,26
"314","210122 CU vs OR St 3-0s3","OR St","CU","21S","FALSE","FALSE",4,1,11,0,3,17,6,16,26
"315","210124 CU vs OR St 3-1s1","CU","OR St","CU 21S","TRUE","TRUE",2,1,8,0,3,21,5,11,29
"316","210124 CU vs OR St 3-1s1","OR St","CU","21S","FALSE","FALSE",2,1,8,0,3,21,5,11,29
"317","210124 CU vs OR St 3-1s2","CU","OR St","CU 21S","TRUE","TRUE",5,2,7,0,2,26,5,14,33
"318","210124 CU vs OR St 3-1s2","OR St","CU","21S","FALSE","FALSE",5,2,7,0,2,26,5,14,33
"319","210124 CU vs OR St 3-1s3","CU","OR St","CU 21S","TRUE","FALSE",2,1,7,1,3,26,7,11,36
"320","210124 CU vs OR St 3-1s3","OR St","CU","21S","FALSE","TRUE",2,1,7,1,3,26,7,11,36
"321","210124 CU vs OR St 3-1s4","CU","OR St","CU 21S","TRUE","TRUE",4,0,6,1,1,25,3,11,29
"322","210124 CU vs OR St 3-1s4","OR St","CU","21S","FALSE","FALSE",4,0,6,1,1,25,3,11,29
"323","210205 CU vs Cal 3-2s1","CU","Cal","CU 21S","TRUE","FALSE",8,0,5,1,6,26,4,14,36
"324","210205 CU vs Cal 3-2s1","Cal","CU","21S","FALSE","TRUE",8,0,5,1,6,26,4,14,36
"325","210205 CU vs Cal 3-2s2","CU","Cal","CU 21S","TRUE","TRUE",5,0,3,0,2,27,3,8,32
"326","210205 CU vs Cal 3-2s2","Cal","CU","21S","FALSE","FALSE",5,0,3,0,2,27,3,8,32
"327","210205 CU vs Cal 3-2s3","CU","Cal","CU 21S","TRUE","TRUE",1,0,8,0,5,21,0,9,26
"328","210205 CU vs Cal 3-2s3","Cal","CU","21S","FALSE","FALSE",1,0,8,0,5,21,0,9,26
"329","210205 CU vs Cal 3-2s4","CU","Cal","CU 21S","TRUE","FALSE",7,3,6,1,0,27,3,17,30
"330","210205 CU vs Cal 3-2s4","Cal","CU","21S","FALSE","TRUE",7,3,6,1,0,27,3,17,30
"331","210205 CU vs Cal 3-2s5","CU","Cal","CU 21S","TRUE","TRUE",1,1,3,0,0,13,3,5,16
"332","210205 CU vs Cal 3-2s5","Cal","CU","21S","FALSE","FALSE",1,1,3,0,0,13,3,5,16
"333","210207 CU vs Cal 3-0s1","CU","Cal","CU 21S","TRUE","TRUE",4,2,6,1,3,23,3,13,29
"334","210207 CU vs Cal 3-0s1","Cal","CU","21S","FALSE","FALSE",4,2,6,1,3,23,3,13,29
"335","210207 CU vs Cal 3-0s2","CU","Cal","CU 21S","TRUE","TRUE",2,1,6,0,2,20,5,9,27
"336","210207 CU vs Cal 3-0s2","Cal","CU","21S","FALSE","FALSE",2,1,6,0,2,20,5,9,27
"337","210207 CU vs Cal 3-0s3","CU","Cal","CU 21S","TRUE","TRUE",1,1,4,0,4,25,4,6,33
"338","210207 CU vs Cal 3-0s3","Cal","CU","21S","FALSE","FALSE",1,1,4,0,4,25,4,6,33
"339","210211 CU @ WA St 1-3s1","CU","WA St","CU 21S","FALSE","FALSE",2,1,5,0,3,22,5,8,30
"340","210211 CU @ WA St 1-3s1","WA St","CU","21S","TRUE","TRUE",2,1,5,0,3,22,5,8,30
"341","210211 CU @ WA St 1-3s2","CU","WA St","CU 21S","FALSE","FALSE",3,0,5,1,1,27,4,9,32
"342","210211 CU @ WA St 1-3s2","WA St","CU","21S","TRUE","TRUE",3,0,5,1,1,27,4,9,32
"343","210211 CU @ WA St 1-3s3","CU","WA St","CU 21S","FALSE","TRUE",8,1,5,0,3,18,9,14,30
"344","210211 CU @ WA St 1-3s3","WA St","CU","21S","TRUE","FALSE",8,1,5,0,3,18,9,14,30
"345","210211 CU @ WA St 1-3s4","CU","WA St","CU 21S","FALSE","FALSE",3,0,9,0,3,28,4,12,35
"346","210211 CU @ WA St 1-3s4","WA St","CU","21S","TRUE","TRUE",3,0,9,0,3,28,4,12,35
"347","210213 CU @ WA St 0-3s1","CU","WA St","CU 21S","FALSE","FALSE",3,3,7,0,2,26,5,13,33
"348","210213 CU @ WA St 0-3s1","WA St","CU","21S","TRUE","TRUE",3,3,7,0,2,26,5,13,33
"349","210213 CU @ WA St 0-3s2","CU","WA St","CU 21S","FALSE","FALSE",3,0,6,0,5,27,2,9,34
"350","210213 CU @ WA St 0-3s2","WA St","CU","21S","TRUE","TRUE",3,0,6,0,5,27,2,9,34
"351","210213 CU @ WA St 0-3s3","CU","WA St","CU 21S","FALSE","FALSE",2,0,4,1,3,27,7,7,37
"352","210213 CU @ WA St 0-3s3","WA St","CU","21S","TRUE","TRUE",2,0,4,1,3,27,7,7,37
"353","210219 CU vs WA 2-3s1","CU","WA","CU 21S","FALSE","TRUE",4,1,8,0,3,26,5,13,34
"354","210219 CU vs WA 2-3s1","WA","CU","21S","TRUE","FALSE",4,1,8,0,3,26,5,13,34
"355","210219 CU vs WA 2-3s2","CU","WA","CU 21S","FALSE","FALSE",4,0,5,0,2,36,3,9,41
"356","210219 CU vs WA 2-3s2","WA","CU","21S","TRUE","TRUE",4,0,5,0,2,36,3,9,41
"357","210219 CU vs WA 2-3s3","CU","WA","CU 21S","FALSE","TRUE",3,0,5,0,3,33,4,8,40
"358","210219 CU vs WA 2-3s3","WA","CU","21S","TRUE","FALSE",3,0,5,0,3,33,4,8,40
"359","210219 CU vs WA 2-3s4","CU","WA","CU 21S","FALSE","FALSE",4,0,3,0,1,31,6,7,38
"360","210219 CU vs WA 2-3s4","WA","CU","21S","TRUE","TRUE",4,0,3,0,1,31,6,7,38
"361","210219 CU vs WA 2-3s5","CU","WA","CU 21S","FALSE","FALSE",1,0,5,0,1,18,3,6,22
"362","210219 CU vs WA 2-3s5","WA","CU","21S","TRUE","TRUE",1,0,5,0,1,18,3,6,22
"363","210221 CU vs WA 0-3s1","CU","WA","CU 21S","FALSE","FALSE",5,1,12,1,2,24,2,19,28
"364","210221 CU vs WA 0-3s1","WA","CU","21S","TRUE","TRUE",5,1,12,1,2,24,2,19,28
"365","210221 CU vs WA 0-3s2","CU","WA","CU 21S","FALSE","FALSE",4,2,6,0,0,28,7,12,35
"366","210221 CU vs WA 0-3s2","WA","CU","21S","TRUE","TRUE",4,2,6,0,0,28,7,12,35
"367","210221 CU vs WA 0-3s3","CU","WA","CU 21S","FALSE","FALSE",3,0,9,0,3,29,6,12,38
"368","210221 CU vs WA 0-3s3","WA","CU","21S","TRUE","TRUE",3,0,9,0,3,29,6,12,38
"369","210226 CU @ OR 0-3s1","CU","OR","CU 21S","FALSE","FALSE",5,1,3,0,0,31,3,9,34
"370","210226 CU @ OR 0-3s1","OR","CU","21S","TRUE","TRUE",5,1,3,0,0,31,3,9,34
"371","210226 CU @ OR 0-3s2","CU","OR","CU 21S","FALSE","FALSE",5,0,5,1,2,35,3,11,40
"372","210226 CU @ OR 0-3s2","OR","CU","21S","TRUE","TRUE",5,0,5,1,2,35,3,11,40
"373","210226 CU @ OR 0-3s3","CU","OR","CU 21S","FALSE","FALSE",4,0,6,0,1,27,7,10,35
"374","210226 CU @ OR 0-3s3","OR","CU","21S","TRUE","TRUE",4,0,6,0,1,27,7,10,35
"375","210228 CU @ OR 1-3s1","CU","OR","CU 21S","FALSE","TRUE",3,0,6,0,1,33,5,9,39
"376","210228 CU @ OR 1-3s1","OR","CU","21S","TRUE","FALSE",3,0,6,0,1,33,5,9,39
"377","210228 CU @ OR 1-3s2","CU","OR","CU 21S","FALSE","FALSE",8,3,7,0,1,18,8,18,27
"378","210228 CU @ OR 1-3s2","OR","CU","21S","TRUE","TRUE",8,3,7,0,1,18,8,18,27
"379","210228 CU @ OR 1-3s3","CU","OR","CU 21S","FALSE","FALSE",5,1,4,0,2,26,6,10,34
"380","210228 CU @ OR 1-3s3","OR","CU","21S","TRUE","TRUE",5,1,4,0,2,26,6,10,34
"381","210228 CU @ OR 1-3s4","CU","OR","CU 21S","FALSE","FALSE",3,0,11,1,1,22,4,15,27
"382","210228 CU @ OR 1-3s4","OR","CU","21S","TRUE","TRUE",3,0,11,1,1,22,4,15,27
"383","210305 CU vs UCLA 1-3s1","CU","UCLA","CU 21S","FALSE","FALSE",3,3,7,0,2,21,6,13,29
"384","210305 CU vs UCLA 1-3s1","UCLA","CU","21S","TRUE","TRUE",3,3,7,0,2,21,6,13,29
"385","210305 CU vs UCLA 1-3s2","CU","UCLA","CU 21S","FALSE","TRUE",5,0,1,0,2,36,4,6,42
"386","210305 CU vs UCLA 1-3s2","UCLA","CU","21S","TRUE","FALSE",5,0,1,0,2,36,4,6,42
"387","210305 CU vs UCLA 1-3s3","CU","UCLA","CU 21S","FALSE","FALSE",3,1,8,0,1,28,3,12,32
"388","210305 CU vs UCLA 1-3s3","UCLA","CU","21S","TRUE","TRUE",3,1,8,0,1,28,3,12,32
"389","210305 CU vs UCLA 1-3s4","CU","UCLA","CU 21S","FALSE","FALSE",3,2,6,0,1,25,7,11,33
"390","210305 CU vs UCLA 1-3s4","UCLA","CU","21S","TRUE","TRUE",3,2,6,0,1,25,7,11,33
"391","210307 CU vs UCLA 3-1s1","CU","UCLA","CU 21S","TRUE","TRUE",5,1,5,2,1,33,4,13,38
"392","210307 CU vs UCLA 3-1s1","UCLA","CU","21S","FALSE","FALSE",5,1,5,2,1,33,4,13,38
"393","210307 CU vs UCLA 3-1s2","CU","UCLA","CU 21S","TRUE","FALSE",3,1,5,0,2,31,6,9,39
"394","210307 CU vs UCLA 3-1s2","UCLA","CU","21S","FALSE","TRUE",3,1,5,0,2,31,6,9,39
"395","210307 CU vs UCLA 3-1s3","CU","UCLA","CU 21S","TRUE","TRUE",3,3,4,2,3,26,6,12,35
"396","210307 CU vs UCLA 3-1s3","UCLA","CU","21S","FALSE","FALSE",3,3,4,2,3,26,6,12,35
"397","210307 CU vs UCLA 3-1s4","CU","UCLA","CU 21S","TRUE","TRUE",5,0,8,0,2,25,5,13,32
"398","210307 CU vs UCLA 3-1s4","UCLA","CU","21S","FALSE","FALSE",5,0,8,0,2,25,5,13,32
"399","210312 CU @ AZ 1-3s1","AZ","CU","21S","TRUE","TRUE",5,0,15,0,3,26,3,20,32
"400","210312 CU @ AZ 1-3s1","CU","AZ","CU 21S","FALSE","FALSE",5,0,15,0,3,26,3,20,32
"401","210312 CU @ AZ 1-3s2","AZ","CU","21S","TRUE","FALSE",6,2,10,0,2,23,4,18,29
"402","210312 CU @ AZ 1-3s2","CU","AZ","CU 21S","FALSE","TRUE",6,2,10,0,2,23,4,18,29
"403","210312 CU @ AZ 1-3s3","AZ","CU","21S","TRUE","TRUE",1,0,4,0,5,21,3,5,29
"404","210312 CU @ AZ 1-3s3","CU","AZ","CU 21S","FALSE","FALSE",1,0,4,0,5,21,3,5,29
"405","210312 CU @ AZ 1-3s4","AZ","CU","21S","TRUE","TRUE",2,1,7,0,7,26,4,10,37
"406","210312 CU @ AZ 1-3s4","CU","AZ","CU 21S","FALSE","FALSE",2,1,7,0,7,26,4,10,37
"407","210314 CU @ AZ 1-3s1","AZ","CU","21S","TRUE","TRUE",5,0,9,0,7,25,4,14,36
"408","210314 CU @ AZ 1-3s1","CU","AZ","CU 21S","FALSE","FALSE",5,0,9,0,7,25,4,14,36
"409","210314 CU @ AZ 1-3s2","AZ","CU","21S","TRUE","FALSE",6,3,6,0,1,25,5,15,31
"410","210314 CU @ AZ 1-3s2","CU","AZ","CU 21S","FALSE","TRUE",6,3,6,0,1,25,5,15,31
"411","210314 CU @ AZ 1-3s3","AZ","CU","21S","TRUE","TRUE",2,0,5,0,2,28,7,7,37
"412","210314 CU @ AZ 1-3s3","CU","AZ","CU 21S","FALSE","FALSE",2,0,5,0,2,28,7,7,37
"413","210314 CU @ AZ 1-3s4","AZ","CU","21S","TRUE","TRUE",5,0,6,0,2,26,5,11,33
"414","210314 CU @ AZ 1-3s4","CU","AZ","CU 21S","FALSE","FALSE",5,0,6,0,2,26,5,11,33
"415","210319 CU vs UT 3-2s1","CU","UT","CU 21S","TRUE","FALSE",2,0,3,1,3,33,2,6,38
"416","210319 CU vs UT 3-2s1","UT","CU","21S","FALSE","TRUE",2,0,3,1,3,33,2,6,38
"417","210319 CU vs UT 3-2s2","CU","UT","CU 21S","TRUE","TRUE",0,0,8,0,4,29,7,8,40
"418","210319 CU vs UT 3-2s2","UT","CU","21S","FALSE","FALSE",0,0,8,0,4,29,7,8,40
"419","210319 CU vs UT 3-2s3","CU","UT","CU 21S","TRUE","FALSE",5,0,6,0,4,17,8,11,29
"420","210319 CU vs UT 3-2s3","UT","CU","21S","FALSE","TRUE",5,0,6,0,4,17,8,11,29
"421","210319 CU vs UT 3-2s4","CU","UT","CU 21S","TRUE","TRUE",1,0,6,1,4,31,4,8,39
"422","210319 CU vs UT 3-2s4","UT","CU","21S","FALSE","FALSE",1,0,6,1,4,31,4,8,39
"423","210319 CU vs UT 3-2s5","CU","UT","CU 21S","TRUE","TRUE",1,0,4,0,2,20,1,5,23
"424","210319 CU vs UT 3-2s5","UT","CU","21S","FALSE","FALSE",1,0,4,0,2,20,1,5,23
"425","210321 CU @ UT 0-3s1","CU","UT","CU 21S","FALSE","FALSE",2,0,5,1,1,29,5,8,35
"426","210321 CU @ UT 0-3s1","UT","CU","21S","TRUE","TRUE",2,0,5,1,1,29,5,8,35
"427","210321 CU @ UT 0-3s2","CU","UT","CU 21S","FALSE","FALSE",3,2,4,0,4,24,4,9,32
"428","210321 CU @ UT 0-3s2","UT","CU","21S","TRUE","TRUE",3,2,4,0,4,24,4,9,32
"429","210321 CU @ UT 0-3s3","CU","UT","CU 21S","FALSE","FALSE",2,1,13,0,3,22,4,16,29
"430","210321 CU @ UT 0-3s3","UT","CU","21S","TRUE","TRUE",2,1,13,0,3,22,4,16,29
"431","210326 CU vs AZ St 3-2s1","AZ St","CU","21S","FALSE","TRUE",1,0,1,0,5,30,1,2,36
"432","210326 CU vs AZ St 3-2s1","CU","AZ St","CU 21S","TRUE","FALSE",1,0,1,0,5,30,1,2,36
"433","210326 CU vs AZ St 3-2s2","AZ St","CU","21S","FALSE","FALSE",3,1,5,0,3,26,3,9,32
"434","210326 CU vs AZ St 3-2s2","CU","AZ St","CU 21S","TRUE","TRUE",3,1,5,0,3,26,3,9,32
"435","210326 CU vs AZ St 3-2s3","AZ St","CU","21S","FALSE","FALSE",6,0,1,2,6,19,4,9,29
"436","210326 CU vs AZ St 3-2s3","CU","AZ St","CU 21S","TRUE","TRUE",6,0,1,2,6,19,4,9,29
"437","210326 CU vs AZ St 3-2s4","AZ St","CU","21S","FALSE","TRUE",6,0,10,1,3,17,2,17,22
"438","210326 CU vs AZ St 3-2s4","CU","AZ St","CU 21S","TRUE","FALSE",6,0,10,1,3,17,2,17,22
"439","210326 CU vs AZ St 3-2s5","AZ St","CU","21S","FALSE","FALSE",1,1,3,0,4,18,3,5,25
"440","210326 CU vs AZ St 3-2s5","CU","AZ St","CU 21S","TRUE","TRUE",1,1,3,0,4,18,3,5,25
"441","210328 CU vs AZ St 3-0s1","AZ St","CU","21S","FALSE","FALSE",5,0,9,0,6,26,2,14,34
"442","210328 CU vs AZ St 3-0s1","CU","AZ St","CU 21S","TRUE","TRUE",5,0,9,0,6,26,2,14,34
"443","210328 CU vs AZ St 3-0s2","AZ St","CU","21S","FALSE","FALSE",7,0,4,0,5,29,7,11,41
"444","210328 CU vs AZ St 3-0s2","CU","AZ St","CU 21S","TRUE","TRUE",7,0,4,0,5,29,7,11,41
"445","210328 CU vs AZ St 3-0s3","AZ St","CU","21S","FALSE","FALSE",4,0,9,1,4,27,5,14,36
"446","210328 CU vs AZ St 3-0s3","CU","AZ St","CU 21S","TRUE","TRUE",4,0,9,1,4,27,5,14,36
"447","210401 CU @ USC 1-3s1","CU","USC","CU 21S","FALSE","TRUE",9,0,7,0,2,29,3,16,34
"448","210401 CU @ USC 1-3s1","USC","CU","21S","TRUE","FALSE",9,0,7,0,2,29,3,16,34
"449","210401 CU @ USC 1-3s2","CU","USC","CU 21S","FALSE","FALSE",2,0,8,0,1,27,5,10,33
"450","210401 CU @ USC 1-3s2","USC","CU","21S","TRUE","TRUE",2,0,8,0,1,27,5,10,33
"451","210401 CU @ USC 1-3s3","CU","USC","CU 21S","FALSE","FALSE",7,1,6,0,2,23,6,14,31
"452","210401 CU @ USC 1-3s3","USC","CU","21S","TRUE","TRUE",7,1,6,0,2,23,6,14,31
"453","210401 CU @ USC 1-3s4","CU","USC","CU 21S","FALSE","FALSE",7,1,6,0,0,29,3,14,32
"454","210401 CU @ USC 1-3s4","USC","CU","21S","TRUE","TRUE",7,1,6,0,0,29,3,14,32
"455","210403 CU @ USC 0-3s1","CU","USC","CU 21S","FALSE","FALSE",4,0,7,0,1,26,7,11,34
"456","210403 CU @ USC 0-3s1","USC","CU","21S","TRUE","TRUE",4,0,7,0,1,26,7,11,34
"457","210403 CU @ USC 0-3s2","CU","USC","CU 21S","FALSE","FALSE",8,1,3,0,3,24,2,12,29
"458","210403 CU @ USC 0-3s2","USC","CU","21S","TRUE","TRUE",8,1,3,0,3,24,2,12,29
"459","210403 CU @ USC 0-3s3","CU","USC","CU 21S","FALSE","FALSE",4,2,9,0,7,21,6,15,34
"460","210403 CU @ USC 0-3s3","USC","CU","21S","TRUE","TRUE",4,2,9,0,7,21,6,15,34
"461","210828 CU @ UNCC 3-0s1","CU","UNCC","CU 21","TRUE","TRUE",1,0,4,0,3,33,3,5,39
"462","210828 CU @ UNCC 3-0s1","UNCC","CU","21","FALSE","FALSE",1,0,4,0,3,33,3,5,39
"463","210828 CU @ UNCC 3-0s2","CU","UNCC","CU 21","TRUE","TRUE",5,1,7,0,2,15,2,13,19
"464","210828 CU @ UNCC 3-0s2","UNCC","CU","21","FALSE","FALSE",5,1,7,0,2,15,2,13,19
"465","210828 CU @ UNCC 3-0s3","CU","UNCC","CU 21","TRUE","TRUE",6,0,1,1,5,24,10,8,39
"466","210828 CU @ UNCC 3-0s3","UNCC","CU","21","FALSE","FALSE",6,0,1,1,5,24,10,8,39
"467","210828 CU vs Xav 3-1s1","CU","Xavier","CU 21","TRUE","TRUE",6,2,5,0,3,24,8,13,35
"468","210828 CU vs Xav 3-1s1","Xavier","CU","21","FALSE","FALSE",6,2,5,0,3,24,8,13,35
"469","210828 CU vs Xav 3-1s2","CU","Xavier","CU 21","TRUE","FALSE",2,1,5,0,1,34,5,8,40
"470","210828 CU vs Xav 3-1s2","Xavier","CU","21","FALSE","TRUE",2,1,5,0,1,34,5,8,40
"471","210828 CU vs Xav 3-1s3","CU","Xavier","CU 21","TRUE","TRUE",6,2,6,0,2,24,3,14,29
"472","210828 CU vs Xav 3-1s3","Xavier","CU","21","FALSE","FALSE",6,2,6,0,2,24,3,14,29
"473","210828 CU vs Xav 3-1s4","CU","Xavier","CU 21","TRUE","TRUE",1,0,9,0,4,29,4,10,37
"474","210828 CU vs Xav 3-1s4","Xavier","CU","21","FALSE","FALSE",1,0,9,0,4,29,4,10,37
"475","210903 CU vs IA 3-1s1","CU","IA","CU 21","TRUE","TRUE",4,1,9,0,5,16,5,14,26
"476","210903 CU vs IA 3-1s1","IA","CU","21","FALSE","FALSE",4,1,9,0,5,16,5,14,26
"477","210903 CU vs IA 3-1s2","CU","IA","CU 21","TRUE","TRUE",3,0,7,0,3,29,5,10,37
"478","210903 CU vs IA 3-1s2","IA","CU","21","FALSE","FALSE",3,0,7,0,3,29,5,10,37
"479","210903 CU vs IA 3-1s3","CU","IA","CU 21","TRUE","FALSE",2,1,10,2,1,27,5,15,33
"480","210903 CU vs IA 3-1s3","IA","CU","21","FALSE","TRUE",2,1,10,2,1,27,5,15,33
"481","210903 CU vs IA 3-1s4","CU","IA","CU 21","TRUE","TRUE",3,0,8,0,3,24,2,11,29
"482","210903 CU vs IA 3-1s4","IA","CU","21","FALSE","FALSE",3,0,8,0,3,24,2,11,29
"483","210904 CU @ IL 3-2s1","CU","IL","CU 21","TRUE","TRUE",5,3,8,0,5,21,4,16,30
"484","210904 CU @ IL 3-2s1","IL","CU","21","FALSE","FALSE",5,3,8,0,5,21,4,16,30
"485","210904 CU @ IL 3-2s2","CU","IL","CU 21","TRUE","TRUE",4,0,11,0,2,24,2,15,28
"486","210904 CU @ IL 3-2s2","IL","CU","21","FALSE","FALSE",4,0,11,0,2,24,2,15,28
"487","210904 CU @ IL 3-2s3","CU","IL","CU 21","TRUE","FALSE",2,0,8,0,7,22,2,10,31
"488","210904 CU @ IL 3-2s3","IL","CU","21","FALSE","TRUE",2,0,8,0,7,22,2,10,31
"489","210904 CU @ IL 3-2s4","CU","IL","CU 21","TRUE","FALSE",2,1,11,0,2,22,9,14,33
"490","210904 CU @ IL 3-2s4","IL","CU","21","FALSE","TRUE",2,1,11,0,2,22,9,14,33
"491","210904 CU @ IL 3-2s5","CU","IL","CU 21","TRUE","TRUE",2,0,3,0,1,23,5,5,29
"492","210904 CU @ IL 3-2s5","IL","CU","21","FALSE","FALSE",2,0,3,0,1,23,5,5,29
"493","210910 CU vs SJSU 3-0s1","CU","SJSU","CU 21","TRUE","TRUE",3,1,8,0,2,17,5,12,24
"494","210910 CU vs SJSU 3-0s1","SJSU","CU","21","FALSE","FALSE",3,1,8,0,2,17,5,12,24
"495","210910 CU vs SJSU 3-0s2","CU","SJSU","CU 21","TRUE","TRUE",4,0,7,0,2,25,8,11,35
"496","210910 CU vs SJSU 3-0s2","SJSU","CU","21","FALSE","FALSE",4,0,7,0,2,25,8,11,35
"497","210910 CU vs SJSU 3-0s3","CU","SJSU","CU 21","TRUE","TRUE",2,0,6,0,1,22,5,8,28
"498","210910 CU vs SJSU 3-0s3","SJSU","CU","21","FALSE","FALSE",2,0,6,0,1,22,5,8,28
"499","210910 CU vs TX Tech 3-1s1","CU","TX Tech","CU 21","TRUE","TRUE",3,0,4,0,1,45,7,7,53
"500","210910 CU vs TX Tech 3-1s1","TX Tech","CU","21","FALSE","FALSE",3,0,4,0,1,45,7,7,53
"501","210910 CU vs TX Tech 3-1s2","CU","TX Tech","CU 21","TRUE","TRUE",6,1,7,0,1,27,4,14,32
"502","210910 CU vs TX Tech 3-1s2","TX Tech","CU","21","FALSE","FALSE",6,1,7,0,1,27,4,14,32
"503","210910 CU vs TX Tech 3-1s3","CU","TX Tech","CU 21","TRUE","FALSE",1,0,5,0,1,33,3,6,37
"504","210910 CU vs TX Tech 3-1s3","TX Tech","CU","21","FALSE","TRUE",1,0,5,0,1,33,3,6,37
"505","210910 CU vs TX Tech 3-1s4","CU","TX Tech","CU 21","TRUE","TRUE",5,0,2,1,2,26,3,8,31
"506","210910 CU vs TX Tech 3-1s4","TX Tech","CU","21","FALSE","FALSE",5,0,2,1,2,26,3,8,31
"507","210911 CU vs UNCO 3-1s1","CU","UNCO","CU 21","TRUE","FALSE",5,0,9,0,1,25,7,14,33
"508","210911 CU vs UNCO 3-1s1","UNCO","CU","21","FALSE","TRUE",5,0,9,0,1,25,7,14,33
"509","210911 CU vs UNCO 3-1s2","CU","UNCO","CU 21","TRUE","TRUE",3,0,7,1,1,27,3,11,31
"510","210911 CU vs UNCO 3-1s2","UNCO","CU","21","FALSE","FALSE",3,0,7,1,1,27,3,11,31
"511","210911 CU vs UNCO 3-1s3","CU","UNCO","CU 21","TRUE","TRUE",2,0,5,1,3,29,4,8,36
"512","210911 CU vs UNCO 3-1s3","UNCO","CU","21","FALSE","FALSE",2,0,5,1,3,29,4,8,36
"513","210911 CU vs UNCO 3-1s4","CU","UNCO","CU 21","TRUE","TRUE",2,1,5,0,2,25,8,8,35
"514","210911 CU vs UNCO 3-1s4","UNCO","CU","21","FALSE","FALSE",2,1,5,0,2,25,8,8,35
"515","210916 CU vs CO St 3-1s1","CO St","CU","21","FALSE","TRUE",3,0,7,0,1,28,8,10,37
"516","210916 CU vs CO St 3-1s1","CU","CO St","CU 21","TRUE","FALSE",3,0,7,0,1,28,8,10,37
"517","210916 CU vs CO St 3-1s2","CO St","CU","21","FALSE","FALSE",3,1,6,0,1,28,4,10,33
"518","210916 CU vs CO St 3-1s2","CU","CO St","CU 21","TRUE","TRUE",3,1,6,0,1,28,4,10,33
"519","210916 CU vs CO St 3-1s3","CO St","CU","21","FALSE","FALSE",4,1,8,0,1,27,3,13,31
"520","210916 CU vs CO St 3-1s3","CU","CO St","CU 21","TRUE","TRUE",4,1,8,0,1,27,3,13,31
"521","210916 CU vs CO St 3-1s4","CO St","CU","21","FALSE","FALSE",5,0,11,0,3,24,2,16,29
"522","210916 CU vs CO St 3-1s4","CU","CO St","CU 21","TRUE","TRUE",5,0,11,0,3,24,2,16,29
"523","210918 CU @ CO St 3-0s1","CO St","CU","21","FALSE","FALSE",7,0,8,0,2,28,3,15,33
"524","210918 CU @ CO St 3-0s1","CU","CO St","CU 21","TRUE","TRUE",7,0,8,0,2,28,3,15,33
"525","210918 CU @ CO St 3-0s2","CO St","CU","21","FALSE","FALSE",3,1,11,0,2,29,6,15,37
"526","210918 CU @ CO St 3-0s2","CU","CO St","CU 21","TRUE","TRUE",3,1,11,0,2,29,6,15,37
"527","210918 CU @ CO St 3-0s3","CO St","CU","21","FALSE","FALSE",1,1,6,0,4,28,7,8,39
"528","210918 CU @ CO St 3-0s3","CU","CO St","CU 21","TRUE","TRUE",1,1,6,0,4,28,7,8,39
"529","210922 CU @ WA St 0-3s1","CU","WA St","CU 21","FALSE","FALSE",5,1,3,0,5,28,2,9,35
"530","210922 CU @ WA St 0-3s1","WA St","CU","21","TRUE","TRUE",5,1,3,0,5,28,2,9,35
"531","210922 CU @ WA St 0-3s2","CU","WA St","CU 21","FALSE","FALSE",5,1,8,1,3,23,7,15,33
"532","210922 CU @ WA St 0-3s2","WA St","CU","21","TRUE","TRUE",5,1,8,1,3,23,7,15,33
"533","210922 CU @ WA St 0-3s3","CU","WA St","CU 21","FALSE","FALSE",4,1,0,0,5,30,6,5,41
"534","210922 CU @ WA St 0-3s3","WA St","CU","21","TRUE","TRUE",4,1,0,0,5,30,6,5,41
"535","210924 CU vs UT 3-0s1","CU","UT","CU 21","TRUE","TRUE",3,0,7,0,1,25,4,10,30
"536","210924 CU vs UT 3-0s1","UT","CU","21","FALSE","FALSE",3,0,7,0,1,25,4,10,30
"537","210924 CU vs UT 3-0s2","CU","UT","CU 21","TRUE","TRUE",3,0,7,0,1,28,3,10,32
"538","210924 CU vs UT 3-0s2","UT","CU","21","FALSE","FALSE",3,0,7,0,1,28,3,10,32
"539","210924 CU vs UT 3-0s3","CU","UT","CU 21","TRUE","TRUE",6,0,5,1,3,30,3,12,36
"540","210924 CU vs UT 3-0s3","UT","CU","21","FALSE","FALSE",6,0,5,1,3,30,3,12,36
"541","211001 CU vs OR 1-3s1","CU","OR","CU 21","FALSE","TRUE",3,0,9,0,2,30,4,12,36
"542","211001 CU vs OR 1-3s1","OR","CU","21","TRUE","FALSE",3,0,9,0,2,30,4,12,36
"543","211001 CU vs OR 1-3s2","CU","OR","CU 21","FALSE","FALSE",2,1,7,0,1,25,5,10,31
"544","211001 CU vs OR 1-3s2","OR","CU","21","TRUE","TRUE",2,1,7,0,1,25,5,10,31
"545","211001 CU vs OR 1-3s3","CU","OR","CU 21","FALSE","FALSE",2,1,10,0,0,30,5,13,35
"546","211001 CU vs OR 1-3s3","OR","CU","21","TRUE","TRUE",2,1,10,0,0,30,5,13,35
"547","211001 CU vs OR 1-3s4","CU","OR","CU 21","FALSE","FALSE",2,1,6,0,1,29,8,9,38
"548","211001 CU vs OR 1-3s4","OR","CU","21","TRUE","TRUE",2,1,6,0,1,29,8,9,38
"549","211003 CU vs OR St 3-0s1","CU","OR St","CU 21","TRUE","TRUE",2,0,5,1,0,29,3,8,32
"550","211003 CU vs OR St 3-0s1","OR St","CU","21","FALSE","FALSE",2,0,5,1,0,29,3,8,32
"551","211003 CU vs OR St 3-0s2","CU","OR St","CU 21","TRUE","TRUE",4,0,8,0,4,26,5,12,35
"552","211003 CU vs OR St 3-0s2","OR St","CU","21","FALSE","FALSE",4,0,8,0,4,26,5,12,35
"553","211003 CU vs OR St 3-0s3","CU","OR St","CU 21","TRUE","TRUE",8,2,9,0,3,19,3,19,25
"554","211003 CU vs OR St 3-0s3","OR St","CU","21","FALSE","FALSE",8,2,9,0,3,19,3,19,25
"555","211008 CU @ UCLA 0-3s1","CU","UCLA","CU 21","FALSE","FALSE",3,1,3,0,2,32,3,7,37
"556","211008 CU @ UCLA 0-3s1","UCLA","CU","21","TRUE","TRUE",3,1,3,0,2,32,3,7,37
"557","211008 CU @ UCLA 0-3s2","CU","UCLA","CU 21","FALSE","FALSE",9,0,2,0,3,21,5,11,29
"558","211008 CU @ UCLA 0-3s2","UCLA","CU","21","TRUE","TRUE",9,0,2,0,3,21,5,11,29
"559","211008 CU @ UCLA 0-3s3","CU","UCLA","CU 21","FALSE","FALSE",3,0,6,0,1,24,5,9,30
"560","211008 CU @ UCLA 0-3s3","UCLA","CU","21","TRUE","TRUE",3,0,6,0,1,24,5,9,30
"561","211010 CU @ USC 1-3s1","CU","USC","CU 21","FALSE","FALSE",2,0,5,1,7,27,2,8,36
"562","211010 CU @ USC 1-3s1","USC","CU","21","TRUE","TRUE",2,0,5,1,7,27,2,8,36
"563","211010 CU @ USC 1-3s2","CU","USC","CU 21","FALSE","FALSE",8,0,8,1,4,28,3,17,35
"564","211010 CU @ USC 1-3s2","USC","CU","21","TRUE","TRUE",8,0,8,1,4,28,3,17,35
"565","211010 CU @ USC 1-3s3","CU","USC","CU 21","FALSE","TRUE",5,3,8,0,0,26,3,16,29
"566","211010 CU @ USC 1-3s3","USC","CU","21","TRUE","FALSE",5,3,8,0,0,26,3,16,29
"567","211010 CU @ USC 1-3s4","CU","USC","CU 21","FALSE","FALSE",3,1,6,1,3,30,4,11,37
"568","211010 CU @ USC 1-3s4","USC","CU","21","TRUE","TRUE",3,1,6,1,3,30,4,11,37
"569","211015 CU @ Cal 3-0s1","CU","Cal","CU 21","TRUE","TRUE",2,1,9,2,5,21,4,14,30
"570","211015 CU @ Cal 3-0s1","Cal","CU","21","FALSE","FALSE",2,1,9,2,5,21,4,14,30
"571","211015 CU @ Cal 3-0s2","CU","Cal","CU 21","TRUE","TRUE",5,0,4,1,2,21,8,10,31
"572","211015 CU @ Cal 3-0s2","Cal","CU","21","FALSE","FALSE",5,0,4,1,2,21,8,10,31
"573","211015 CU @ Cal 3-0s3","CU","Cal","CU 21","TRUE","TRUE",2,0,6,0,4,19,5,8,28
"574","211015 CU @ Cal 3-0s3","Cal","CU","21","FALSE","FALSE",2,0,6,0,4,19,5,8,28
"575","211017 CU @ Stan 0-3s1","CU","Stan","CU 21","FALSE","FALSE",5,0,3,0,2,28,6,8,36
"576","211017 CU @ Stan 0-3s1","Stan","CU","21","TRUE","TRUE",5,0,3,0,2,28,6,8,36
"577","211017 CU @ Stan 0-3s2","CU","Stan","CU 21","FALSE","FALSE",4,1,4,0,3,23,6,9,32
"578","211017 CU @ Stan 0-3s2","Stan","CU","21","TRUE","TRUE",4,1,4,0,3,23,6,9,32
"579","211017 CU @ Stan 0-3s3","CU","Stan","CU 21","FALSE","FALSE",4,0,3,0,6,26,3,7,35
"580","211017 CU @ Stan 0-3s3","Stan","CU","21","TRUE","TRUE",4,0,3,0,6,26,3,7,35
"581","211022 CU vs AZ 1-3s1","AZ","CU","21","TRUE","FALSE",2,0,9,0,2,32,3,11,37
"582","211022 CU vs AZ 1-3s1","CU","AZ","CU 21","FALSE","TRUE",2,0,9,0,2,32,3,11,37
"583","211022 CU vs AZ 1-3s2","AZ","CU","21","TRUE","TRUE",3,2,6,0,1,25,4,11,30
"584","211022 CU vs AZ 1-3s2","CU","AZ","CU 21","FALSE","FALSE",3,2,6,0,1,25,4,11,30
"585","211022 CU vs AZ 1-3s3","AZ","CU","21","TRUE","TRUE",2,0,15,0,6,43,6,17,55
"586","211022 CU vs AZ 1-3s3","CU","AZ","CU 21","FALSE","FALSE",2,0,15,0,6,43,6,17,55
"587","211022 CU vs AZ 1-3s4","AZ","CU","21","TRUE","TRUE",5,0,8,1,2,29,1,14,32
"588","211022 CU vs AZ 1-3s4","CU","AZ","CU 21","FALSE","FALSE",5,0,8,1,2,29,1,14,32
"589","211024 CU vs AZ St 1-3s1","AZ St","CU","21","TRUE","TRUE",7,0,6,1,3,28,3,14,34
"590","211024 CU vs AZ St 1-3s1","CU","AZ St","CU 21","FALSE","FALSE",7,0,6,1,3,28,3,14,34
"591","211024 CU vs AZ St 1-3s2","AZ St","CU","21","TRUE","FALSE",4,0,7,0,3,41,7,11,51
"592","211024 CU vs AZ St 1-3s2","CU","AZ St","CU 21","FALSE","TRUE",4,0,7,0,3,41,7,11,51
"593","211024 CU vs AZ St 1-3s3","AZ St","CU","21","TRUE","TRUE",2,0,8,0,1,26,4,10,31
"594","211024 CU vs AZ St 1-3s3","CU","AZ St","CU 21","FALSE","FALSE",2,0,8,0,1,26,4,10,31
"595","211024 CU vs AZ St 1-3s4","AZ St","CU","21","TRUE","TRUE",3,0,9,0,2,26,6,12,34
"596","211024 CU vs AZ St 1-3s4","CU","AZ St","CU 21","FALSE","FALSE",3,0,9,0,2,26,6,12,34
"597","211029 CU @ OR St 3-1s1","CU","OR St","CU 21","TRUE","FALSE",4,0,6,1,1,31,4,11,36
"598","211029 CU @ OR St 3-1s1","OR St","CU","21","FALSE","TRUE",4,0,6,1,1,31,4,11,36
"599","211029 CU @ OR St 3-1s2","CU","OR St","CU 21","TRUE","TRUE",4,2,8,0,5,20,4,14,29
"600","211029 CU @ OR St 3-1s2","OR St","CU","21","FALSE","FALSE",4,2,8,0,5,20,4,14,29
"601","211029 CU @ OR St 3-1s3","CU","OR St","CU 21","TRUE","TRUE",3,1,5,1,5,29,6,10,40
"602","211029 CU @ OR St 3-1s3","OR St","CU","21","FALSE","FALSE",3,1,5,1,5,29,6,10,40
"603","211029 CU @ OR St 3-1s4","CU","OR St","CU 21","TRUE","TRUE",4,0,8,0,1,24,7,12,32
"604","211029 CU @ OR St 3-1s4","OR St","CU","21","FALSE","FALSE",4,0,8,0,1,24,7,12,32
"605","211031 CU @ OR 2-3s1","CU","OR","CU 21","FALSE","TRUE",2,0,7,0,5,28,3,9,36
"606","211031 CU @ OR 2-3s1","OR","CU","21","TRUE","FALSE",2,0,7,0,5,28,3,9,36
"607","211031 CU @ OR 2-3s2","CU","OR","CU 21","FALSE","FALSE",6,1,6,0,0,29,5,13,34
"608","211031 CU @ OR 2-3s2","OR","CU","21","TRUE","TRUE",6,1,6,0,0,29,5,13,34
"609","211031 CU @ OR 2-3s3","CU","OR","CU 21","FALSE","TRUE",4,0,12,0,1,22,3,16,26
"610","211031 CU @ OR 2-3s3","OR","CU","21","TRUE","FALSE",4,0,12,0,1,22,3,16,26
"611","211031 CU @ OR 2-3s4","CU","OR","CU 21","FALSE","FALSE",4,0,3,0,5,26,3,7,34
"612","211031 CU @ OR 2-3s4","OR","CU","21","TRUE","TRUE",4,0,3,0,5,26,3,7,34
"613","211031 CU @ OR 2-3s5","CU","OR","CU 21","FALSE","FALSE",3,0,5,0,1,24,3,8,28
"614","211031 CU @ OR 2-3s5","OR","CU","21","TRUE","TRUE",3,0,5,0,1,24,3,8,28
"615","211105 CU vs USC 3-1s1","CU","USC","CU 21","TRUE","TRUE",4,0,7,0,5,26,6,11,37
"616","211105 CU vs USC 3-1s1","USC","CU","21","FALSE","FALSE",4,0,7,0,5,26,6,11,37
"617","211105 CU vs USC 3-1s2","CU","USC","CU 21","TRUE","FALSE",6,1,4,0,2,28,2,11,32
"618","211105 CU vs USC 3-1s2","USC","CU","21","FALSE","TRUE",6,1,4,0,2,28,2,11,32
"619","211105 CU vs USC 3-1s3","CU","USC","CU 21","TRUE","TRUE",2,0,6,0,2,21,7,8,30
"620","211105 CU vs USC 3-1s3","USC","CU","21","FALSE","FALSE",2,0,6,0,2,21,7,8,30
"621","211105 CU vs USC 3-1s4","CU","USC","CU 21","TRUE","TRUE",6,0,7,0,4,24,4,13,32
"622","211105 CU vs USC 3-1s4","USC","CU","21","FALSE","FALSE",6,0,7,0,4,24,4,13,32
"623","211107 CU vs UCLA 0-3s1","CU","UCLA","CU 21","FALSE","FALSE",3,0,4,0,1,34,3,7,38
"624","211107 CU vs UCLA 0-3s1","UCLA","CU","21","TRUE","TRUE",3,0,4,0,1,34,3,7,38
"625","211107 CU vs UCLA 0-3s2","CU","UCLA","CU 21","FALSE","FALSE",1,2,6,0,4,29,1,9,34
"626","211107 CU vs UCLA 0-3s2","UCLA","CU","21","TRUE","TRUE",1,2,6,0,4,29,1,9,34
"627","211107 CU vs UCLA 0-3s3","CU","UCLA","CU 21","FALSE","FALSE",4,1,8,0,4,24,3,13,31
"628","211107 CU vs UCLA 0-3s3","UCLA","CU","21","TRUE","TRUE",4,1,8,0,4,24,3,13,31
"629","211112 CU @ AZ St 1-3s1","AZ St","CU","21","TRUE","TRUE",4,0,7,2,4,22,2,13,28
"630","211112 CU @ AZ St 1-3s1","CU","AZ St","CU 21","FALSE","FALSE",4,0,7,2,4,22,2,13,28
"631","211112 CU @ AZ St 1-3s2","AZ St","CU","21","TRUE","FALSE",2,1,3,0,2,29,8,6,39
"632","211112 CU @ AZ St 1-3s2","CU","AZ St","CU 21","FALSE","TRUE",2,1,3,0,2,29,8,6,39
"633","211112 CU @ AZ St 1-3s3","AZ St","CU","21","TRUE","TRUE",8,0,4,0,1,33,1,12,35
"634","211112 CU @ AZ St 1-3s3","CU","AZ St","CU 21","FALSE","FALSE",8,0,4,0,1,33,1,12,35
"635","211112 CU @ AZ St 1-3s4","AZ St","CU","21","TRUE","TRUE",7,3,5,0,4,26,7,15,37
"636","211112 CU @ AZ St 1-3s4","CU","AZ St","CU 21","FALSE","FALSE",7,3,5,0,4,26,7,15,37
"637","211114 CU @ AZ 1-3s1","AZ","CU","21","TRUE","TRUE",5,0,3,0,7,26,1,8,34
"638","211114 CU @ AZ 1-3s1","CU","AZ","CU 21","FALSE","FALSE",5,0,3,0,7,26,1,8,34
"639","211114 CU @ AZ 1-3s2","AZ","CU","21","TRUE","FALSE",4,1,8,0,2,26,3,13,31
"640","211114 CU @ AZ 1-3s2","CU","AZ","CU 21","FALSE","TRUE",4,1,8,0,2,26,3,13,31
"641","211114 CU @ AZ 1-3s3","AZ","CU","21","TRUE","TRUE",0,2,7,0,3,23,7,9,33
"642","211114 CU @ AZ 1-3s3","CU","AZ","CU 21","FALSE","FALSE",0,2,7,0,3,23,7,9,33
"643","211114 CU @ AZ 1-3s4","AZ","CU","21","TRUE","TRUE",6,0,5,0,6,38,7,11,51
"644","211114 CU @ AZ 1-3s4","CU","AZ","CU 21","FALSE","FALSE",6,0,5,0,6,38,7,11,51
"645","211118 CU vs Stan 1-3s1","CU","Stan","CU 21","FALSE","FALSE",5,0,10,0,0,26,7,15,33
"646","211118 CU vs Stan 1-3s1","Stan","CU","21","TRUE","TRUE",5,0,10,0,0,26,7,15,33
"647","211118 CU vs Stan 1-3s2","CU","Stan","CU 21","FALSE","FALSE",5,0,6,0,1,27,2,11,30
"648","211118 CU vs Stan 1-3s2","Stan","CU","21","TRUE","TRUE",5,0,6,0,1,27,2,11,30
"649","211118 CU vs Stan 1-3s3","CU","Stan","CU 21","FALSE","TRUE",3,0,5,0,1,34,7,8,42
"650","211118 CU vs Stan 1-3s3","Stan","CU","21","TRUE","FALSE",3,0,5,0,1,34,7,8,42
"651","211118 CU vs Stan 1-3s4","CU","Stan","CU 21","FALSE","FALSE",2,0,5,0,4,32,3,7,39
"652","211118 CU vs Stan 1-3s4","Stan","CU","21","TRUE","TRUE",2,0,5,0,4,32,3,7,39
"653","211121 CU vs Cal 3-0s1","CU","Cal","CU 21","TRUE","TRUE",1,2,3,1,4,28,3,7,35
"654","211121 CU vs Cal 3-0s1","Cal","CU","21","FALSE","FALSE",1,2,3,1,4,28,3,7,35
"655","211121 CU vs Cal 3-0s2","CU","Cal","CU 21","TRUE","TRUE",2,1,5,0,1,30,7,8,38
"656","211121 CU vs Cal 3-0s2","Cal","CU","21","FALSE","FALSE",2,1,5,0,1,30,7,8,38
"657","211121 CU vs Cal 3-0s3","CU","Cal","CU 21","TRUE","TRUE",2,0,9,1,3,25,8,12,36
"658","211121 CU vs Cal 3-0s3","Cal","CU","21","FALSE","FALSE",2,0,9,1,3,25,8,12,36
"659","211124 CU vs WA 1-3s1","CU","WA","CU 21","FALSE","FALSE",3,0,10,0,4,23,2,13,29
"660","211124 CU vs WA 1-3s1","WA","CU","21","TRUE","TRUE",3,0,10,0,4,23,2,13,29
"661","211124 CU vs WA 1-3s2","CU","WA","CU 21","FALSE","TRUE",2,0,6,0,5,28,5,8,38
"662","211124 CU vs WA 1-3s2","WA","CU","21","TRUE","FALSE",2,0,6,0,5,28,5,8,38
"663","211124 CU vs WA 1-3s3","CU","WA","CU 21","FALSE","FALSE",1,0,8,0,2,36,3,9,41
"664","211124 CU vs WA 1-3s3","WA","CU","21","TRUE","TRUE",1,0,8,0,2,36,3,9,41
"665","211124 CU vs WA 1-3s4","CU","WA","CU 21","FALSE","FALSE",5,0,7,0,1,30,1,12,32
"666","211124 CU vs WA 1-3s4","WA","CU","21","TRUE","TRUE",5,0,7,0,1,30,1,12,32
"667","211127 CU @ UT 1-3s1","CU","UT","CU 21","FALSE","FALSE",1,0,4,0,1,34,4,5,39
"668","211127 CU @ UT 1-3s1","UT","CU","21","TRUE","TRUE",1,0,4,0,1,34,4,5,39
"669","211127 CU @ UT 1-3s2","CU","UT","CU 21","FALSE","TRUE",1,0,7,1,1,26,7,9,34
"670","211127 CU @ UT 1-3s2","UT","CU","21","TRUE","FALSE",1,0,7,1,1,26,7,9,34
"671","211127 CU @ UT 1-3s3","CU","UT","CU 21","FALSE","FALSE",3,1,4,0,3,24,2,8,29
"672","211127 CU @ UT 1-3s3","UT","CU","21","TRUE","TRUE",3,1,4,0,3,24,2,8,29
"673","211127 CU @ UT 1-3s4","CU","UT","CU 21","FALSE","FALSE",1,0,9,1,0,28,8,11,36
"674","211127 CU @ UT 1-3s4","UT","CU","21","TRUE","TRUE",1,0,9,1,0,28,8,11,36
"675","220826 CU vs UWGB 3-0s1","CU","UWGB","CU 22","TRUE","TRUE",4,0,3,1,2,19,6,8,27
"676","220826 CU vs UWGB 3-0s1","UWGB","CU","22","FALSE","FALSE",4,0,3,1,2,19,6,8,27
"677","220826 CU vs UWGB 3-0s2","CU","UWGB","CU 22","TRUE","TRUE",3,0,11,0,5,27,4,14,36
"678","220826 CU vs UWGB 3-0s2","UWGB","CU","22","FALSE","FALSE",3,0,11,0,5,27,4,14,36
"679","220826 CU vs UWGB 3-0s3","CU","UWGB","CU 22","TRUE","TRUE",4,0,6,0,2,27,6,10,35
"680","220826 CU vs UWGB 3-0s3","UWGB","CU","22","FALSE","FALSE",4,0,6,0,2,27,6,10,35
"681","220826 CU vs W MI 3-1s1","CU","W MI","CU 22","TRUE","FALSE",8,1,6,0,3,25,4,15,32
"682","220826 CU vs W MI 3-1s1","W MI","CU","22","FALSE","TRUE",8,1,6,0,3,25,4,15,32
"683","220826 CU vs W MI 3-1s2","CU","W MI","CU 22","TRUE","TRUE",6,1,8,0,4,26,5,15,35
"684","220826 CU vs W MI 3-1s2","W MI","CU","22","FALSE","FALSE",6,1,8,0,4,26,5,15,35
"685","220826 CU vs W MI 3-1s3","CU","W MI","CU 22","TRUE","TRUE",2,0,5,0,1,32,3,7,36
"686","220826 CU vs W MI 3-1s3","W MI","CU","22","FALSE","FALSE",2,0,5,0,1,32,3,7,36
"687","220826 CU vs W MI 3-1s4","CU","W MI","CU 22","TRUE","TRUE",3,0,7,0,6,19,7,10,32
"688","220826 CU vs W MI 3-1s4","W MI","CU","22","FALSE","FALSE",3,0,7,0,6,19,7,10,32
"689","220827 CU vs Den 3-2s1","CU","Den","CU 22","TRUE","TRUE",4,0,4,0,2,21,8,8,31
"690","220827 CU vs Den 3-2s1","Den","CU","22","FALSE","FALSE",4,0,4,0,2,21,8,8,31
"691","220827 CU vs Den 3-2s2","CU","Den","CU 22","TRUE","FALSE",5,1,6,1,3,24,6,13,33
"692","220827 CU vs Den 3-2s2","Den","CU","22","FALSE","TRUE",5,1,6,1,3,24,6,13,33
"693","220827 CU vs Den 3-2s3","CU","Den","CU 22","TRUE","FALSE",2,1,9,0,1,29,6,12,36
"694","220827 CU vs Den 3-2s3","Den","CU","22","FALSE","TRUE",2,1,9,0,1,29,6,12,36
"695","220827 CU vs Den 3-2s4","CU","Den","CU 22","TRUE","TRUE",1,2,4,0,2,30,9,7,41
"696","220827 CU vs Den 3-2s4","Den","CU","22","FALSE","FALSE",1,2,4,0,2,30,9,7,41
"697","220827 CU vs Den 3-2s5","CU","Den","CU 22","TRUE","TRUE",2,0,1,0,0,18,3,3,21
"698","220827 CU vs Den 3-2s5","Den","CU","22","FALSE","FALSE",2,0,1,0,0,18,3,3,21
"699","220903 CU vs IL 3-0s1","CU","IL","CU 22","TRUE","TRUE",9,0,7,0,2,30,4,16,36
"700","220903 CU vs IL 3-0s1","IL","CU","22","FALSE","FALSE",9,0,7,0,2,30,4,16,36
"701","220903 CU vs IL 3-0s2","CU","IL","CU 22","TRUE","TRUE",6,0,3,1,2,27,4,10,33
"702","220903 CU vs IL 3-0s2","IL","CU","22","FALSE","FALSE",6,0,3,1,2,27,4,10,33
"703","220903 CU vs IL 3-0s3","CU","IL","CU 22","TRUE","TRUE",6,0,5,0,1,28,7,11,36
"704","220903 CU vs IL 3-0s3","IL","CU","22","FALSE","FALSE",6,0,5,0,1,28,7,11,36
"705","220904 CU vs IA 3-0s1","CU","IA","CU 22","TRUE","TRUE",4,0,4,1,4,28,4,9,36
"706","220904 CU vs IA 3-0s1","IA","CU","22","FALSE","FALSE",4,0,4,1,4,28,4,9,36
"707","220904 CU vs IA 3-0s2","CU","IA","CU 22","TRUE","TRUE",4,0,9,1,3,19,5,14,27
"708","220904 CU vs IA 3-0s2","IA","CU","22","FALSE","FALSE",4,0,9,1,3,19,5,14,27
"709","220904 CU vs IA 3-0s3","CU","IA","CU 22","TRUE","TRUE",3,1,5,0,6,27,4,9,37
"710","220904 CU vs IA 3-0s3","IA","CU","22","FALSE","FALSE",3,1,5,0,6,27,4,9,37
"711","220909 CU vs FIU 3-0s1","CU","FIU","CU 22","TRUE","TRUE",4,3,9,0,4,22,5,16,31
"712","220909 CU vs FIU 3-0s1","FIU","CU","22","FALSE","FALSE",4,3,9,0,4,22,5,16,31
"713","220909 CU vs FIU 3-0s2","CU","FIU","CU 22","TRUE","TRUE",3,1,6,0,1,26,7,10,34
"714","220909 CU vs FIU 3-0s2","FIU","CU","22","FALSE","FALSE",3,1,6,0,1,26,7,10,34
"715","220909 CU vs FIU 3-0s3","CU","FIU","CU 22","TRUE","TRUE",1,0,7,0,2,30,3,8,35
"716","220909 CU vs FIU 3-0s3","FIU","CU","22","FALSE","FALSE",1,0,7,0,2,30,3,8,35
"717","220909 CU vs UALR 3-0s1","CU","UALR","CU 22","TRUE","TRUE",3,0,4,0,3,26,5,7,34
"718","220909 CU vs UALR 3-0s1","UALR","CU","22","FALSE","FALSE",3,0,4,0,3,26,5,7,34
"719","220909 CU vs UALR 3-0s2","CU","UALR","CU 22","TRUE","TRUE",0,1,5,2,3,30,3,8,36
"720","220909 CU vs UALR 3-0s2","UALR","CU","22","FALSE","FALSE",0,1,5,2,3,30,3,8,36
"721","220909 CU vs UALR 3-0s3","CU","UALR","CU 22","TRUE","TRUE",4,1,10,1,2,20,7,16,29
"722","220909 CU vs UALR 3-0s3","UALR","CU","22","FALSE","FALSE",4,1,10,1,2,20,7,16,29
"723","220911 CU @ AR 0-3s1","AR","CU","22","TRUE","TRUE",4,1,6,0,2,23,9,11,34
"724","220911 CU @ AR 0-3s1","CU","AR","CU 22","FALSE","FALSE",4,1,6,0,2,23,9,11,34
"725","220911 CU @ AR 0-3s2","AR","CU","22","TRUE","TRUE",6,0,4,0,2,24,5,10,31
"726","220911 CU @ AR 0-3s2","CU","AR","CU 22","FALSE","FALSE",6,0,4,0,2,24,5,10,31
"727","220911 CU @ AR 0-3s3","AR","CU","22","TRUE","TRUE",4,1,4,0,4,21,5,9,30
"728","220911 CU @ AR 0-3s3","CU","AR","CU 22","FALSE","FALSE",4,1,4,0,4,21,5,9,30
"729","220915 CU @ CO St 1-3s1","CO St","CU","22","TRUE","TRUE",1,1,4,0,3,30,4,6,37
"730","220915 CU @ CO St 1-3s1","CU","CO St","CU 22","FALSE","FALSE",1,1,4,0,3,30,4,6,37
"731","220915 CU @ CO St 1-3s2","CO St","CU","22","TRUE","TRUE",0,0,4,0,5,31,4,4,40
"732","220915 CU @ CO St 1-3s2","CU","CO St","CU 22","FALSE","FALSE",0,0,4,0,5,31,4,4,40
"733","220915 CU @ CO St 1-3s3","CO St","CU","22","TRUE","FALSE",5,0,6,0,3,23,9,11,35
"734","220915 CU @ CO St 1-3s3","CU","CO St","CU 22","FALSE","TRUE",5,0,6,0,3,23,9,11,35
"735","220915 CU @ CO St 1-3s4","CO St","CU","22","TRUE","TRUE",4,5,6,0,5,27,7,15,39
"736","220915 CU @ CO St 1-3s4","CU","CO St","CU 22","FALSE","FALSE",4,5,6,0,5,27,7,15,39
"737","220916 CU vs CO St 3-2s1","CO St","CU","22","FALSE","TRUE",4,1,2,0,3,30,6,7,39
"738","220916 CU vs CO St 3-2s1","CU","CO St","CU 22","TRUE","FALSE",4,1,2,0,3,30,6,7,39
"739","220916 CU vs CO St 3-2s2","CO St","CU","22","FALSE","TRUE",3,0,10,0,0,19,3,13,22
"740","220916 CU vs CO St 3-2s2","CU","CO St","CU 22","TRUE","FALSE",3,0,10,0,0,19,3,13,22
"741","220916 CU vs CO St 3-2s3","CO St","CU","22","FALSE","FALSE",4,0,7,0,0,30,4,11,34
"742","220916 CU vs CO St 3-2s3","CU","CO St","CU 22","TRUE","TRUE",4,0,7,0,0,30,4,11,34
"743","220916 CU vs CO St 3-2s4","CO St","CU","22","FALSE","FALSE",5,0,5,0,1,28,5,10,34
"744","220916 CU vs CO St 3-2s4","CU","CO St","CU 22","TRUE","TRUE",5,0,5,0,1,28,5,10,34
"745","220916 CU vs CO St 3-2s5","CO St","CU","22","FALSE","FALSE",0,1,3,0,0,15,4,4,19
"746","220916 CU vs CO St 3-2s5","CU","CO St","CU 22","TRUE","TRUE",0,1,3,0,0,15,4,4,19
"747","220922 CU @ UT 3-0s1","CU","UT","CU 22","TRUE","TRUE",4,1,7,0,2,28,6,12,36
"748","220922 CU @ UT 3-0s1","UT","CU","22","FALSE","FALSE",4,1,7,0,2,28,6,12,36
"749","220922 CU @ UT 3-0s2","CU","UT","CU 22","TRUE","TRUE",2,1,12,1,3,13,4,16,20
"750","220922 CU @ UT 3-0s2","UT","CU","22","FALSE","FALSE",2,1,12,1,3,13,4,16,20
"751","220922 CU @ UT 3-0s3","CU","UT","CU 22","TRUE","TRUE",4,1,9,0,2,23,8,14,33
"752","220922 CU @ UT 3-0s3","UT","CU","22","FALSE","FALSE",4,1,9,0,2,23,8,14,33
"753","220925 CU vs AZ St 3-0s1","AZ St","CU","22","FALSE","FALSE",2,1,7,0,4,26,3,10,33
"754","220925 CU vs AZ St 3-0s1","CU","AZ St","CU 22","TRUE","TRUE",2,1,7,0,4,26,3,10,33
"755","220925 CU vs AZ St 3-0s2","AZ St","CU","22","FALSE","FALSE",4,1,4,0,2,21,8,9,31
"756","220925 CU vs AZ St 3-0s2","CU","AZ St","CU 22","TRUE","TRUE",4,1,4,0,2,21,8,9,31
"757","220925 CU vs AZ St 3-0s3","AZ St","CU","22","FALSE","FALSE",2,1,8,0,1,26,4,11,31
"758","220925 CU vs AZ St 3-0s3","CU","AZ St","CU 22","TRUE","TRUE",2,1,8,0,1,26,4,11,31
"759","220930 CU @ USC 1-3s1","CU","USC","CU 22","FALSE","FALSE",4,0,4,0,5,23,4,8,32
"760","220930 CU @ USC 1-3s1","USC","CU","22","TRUE","TRUE",4,0,4,0,5,23,4,8,32
"761","220930 CU @ USC 1-3s2","CU","USC","CU 22","FALSE","TRUE",7,1,7,0,4,25,4,15,33
"762","220930 CU @ USC 1-3s2","USC","CU","22","TRUE","FALSE",7,1,7,0,4,25,4,15,33
"763","220930 CU @ USC 1-3s3","CU","USC","CU 22","FALSE","FALSE",9,0,2,0,7,22,4,11,33
"764","220930 CU @ USC 1-3s3","USC","CU","22","TRUE","TRUE",9,0,2,0,7,22,4,11,33
"765","220930 CU @ USC 1-3s4","CU","USC","CU 22","FALSE","FALSE",7,1,7,1,4,26,8,16,38
"766","220930 CU @ USC 1-3s4","USC","CU","22","TRUE","TRUE",7,1,7,1,4,26,8,16,38
"767","221002 CU @ UCLA 3-1s1","CU","UCLA","CU 22","TRUE","TRUE",2,1,4,0,0,26,11,7,37
"768","221002 CU @ UCLA 3-1s1","UCLA","CU","22","FALSE","FALSE",2,1,4,0,0,26,11,7,37
"769","221002 CU @ UCLA 3-1s2","CU","UCLA","CU 22","TRUE","TRUE",7,1,2,0,4,30,6,10,40
"770","221002 CU @ UCLA 3-1s2","UCLA","CU","22","FALSE","FALSE",7,1,2,0,4,30,6,10,40
"771","221002 CU @ UCLA 3-1s3","CU","UCLA","CU 22","TRUE","FALSE",4,1,5,0,2,28,8,10,38
"772","221002 CU @ UCLA 3-1s3","UCLA","CU","22","FALSE","TRUE",4,1,5,0,2,28,8,10,38
"773","221002 CU @ UCLA 3-1s4","CU","UCLA","CU 22","TRUE","TRUE",2,0,4,1,0,33,8,7,41
"774","221002 CU @ UCLA 3-1s4","UCLA","CU","22","FALSE","FALSE",2,0,4,1,0,33,8,7,41
"775","221007 CU vs Stan 1-3s1","CU","Stan","CU 22","FALSE","FALSE",0,0,6,0,0,29,3,6,32
"776","221007 CU vs Stan 1-3s1","Stan","CU","22","TRUE","TRUE",0,0,6,0,0,29,3,6,32
"777","221007 CU vs Stan 1-3s2","CU","Stan","CU 22","FALSE","TRUE",4,0,8,0,3,26,4,12,33
"778","221007 CU vs Stan 1-3s2","Stan","CU","22","TRUE","FALSE",4,0,8,0,3,26,4,12,33
"779","221007 CU vs Stan 1-3s3","CU","Stan","CU 22","FALSE","FALSE",4,0,5,1,1,30,4,10,35
"780","221007 CU vs Stan 1-3s3","Stan","CU","22","TRUE","TRUE",4,0,5,1,1,30,4,10,35
"781","221007 CU vs Stan 1-3s4","CU","Stan","CU 22","FALSE","FALSE",3,0,3,1,7,28,6,7,41
"782","221007 CU vs Stan 1-3s4","Stan","CU","22","TRUE","TRUE",3,0,3,1,7,28,6,7,41
"783","221009 CU vs Cal 3-0s1","CU","Cal","CU 22","TRUE","TRUE",3,0,9,0,1,28,1,12,30
"784","221009 CU vs Cal 3-0s1","Cal","CU","22","FALSE","FALSE",3,0,9,0,1,28,1,12,30
"785","221009 CU vs Cal 3-0s2","CU","Cal","CU 22","TRUE","TRUE",2,1,4,1,3,33,4,8,40
"786","221009 CU vs Cal 3-0s2","Cal","CU","22","FALSE","FALSE",2,1,4,1,3,33,4,8,40
"787","221009 CU vs Cal 3-0s3","CU","Cal","CU 22","TRUE","TRUE",2,2,4,0,4,30,5,8,39
"788","221009 CU vs Cal 3-0s3","Cal","CU","22","FALSE","FALSE",2,2,4,0,4,30,5,8,39
"789","221014 CU vs WA St 3-1s1","CU","WA St","CU 22","TRUE","TRUE",5,3,6,1,3,25,3,15,31
"790","221014 CU vs WA St 3-1s1","WA St","CU","22","FALSE","FALSE",5,3,6,1,3,25,3,15,31
"791","221014 CU vs WA St 3-1s2","CU","WA St","CU 22","TRUE","TRUE",4,1,5,0,1,25,6,10,32
"792","221014 CU vs WA St 3-1s2","WA St","CU","22","FALSE","FALSE",4,1,5,0,1,25,6,10,32
"793","221014 CU vs WA St 3-1s3","CU","WA St","CU 22","TRUE","FALSE",5,0,5,0,4,21,5,10,30
"794","221014 CU vs WA St 3-1s3","WA St","CU","22","FALSE","TRUE",5,0,5,0,4,21,5,10,30
"795","221014 CU vs WA St 3-1s4","CU","WA St","CU 22","TRUE","TRUE",2,2,6,0,1,17,6,10,24
"796","221014 CU vs WA St 3-1s4","WA St","CU","22","FALSE","FALSE",2,2,6,0,1,17,6,10,24
"797","221016 CU vs WA 1-3s1","CU","WA","CU 22","FALSE","FALSE",1,0,10,0,2,28,3,11,33
"798","221016 CU vs WA 1-3s1","WA","CU","22","TRUE","TRUE",1,0,10,0,2,28,3,11,33
"799","221016 CU vs WA 1-3s2","CU","WA","CU 22","FALSE","FALSE",1,2,7,0,1,28,3,10,32
"800","221016 CU vs WA 1-3s2","WA","CU","22","TRUE","TRUE",1,2,7,0,1,28,3,10,32
"801","221016 CU vs WA 1-3s3","CU","WA","CU 22","FALSE","TRUE",2,2,8,0,3,29,3,12,35
"802","221016 CU vs WA 1-3s3","WA","CU","22","TRUE","FALSE",2,2,8,0,3,29,3,12,35
"803","221016 CU vs WA 1-3s4","CU","WA","CU 22","FALSE","FALSE",4,3,2,0,2,29,8,9,39
"804","221016 CU vs WA 1-3s4","WA","CU","22","TRUE","TRUE",4,3,2,0,2,29,8,9,39
"805","221021 CU @ OR St 1-3s1","CU","OR St","CU 22","FALSE","FALSE",3,0,2,0,4,31,4,5,39
"806","221021 CU @ OR St 1-3s1","OR St","CU","22","TRUE","TRUE",3,0,2,0,4,31,4,5,39
"807","221021 CU @ OR St 1-3s2","CU","OR St","CU 22","FALSE","TRUE",5,0,6,1,2,25,3,12,30
"808","221021 CU @ OR St 1-3s2","OR St","CU","22","TRUE","FALSE",5,0,6,1,2,25,3,12,30
"809","221021 CU @ OR St 1-3s3","CU","OR St","CU 22","FALSE","FALSE",3,0,5,0,2,31,3,8,36
"810","221021 CU @ OR St 1-3s3","OR St","CU","22","TRUE","TRUE",3,0,5,0,2,31,3,8,36
"811","221021 CU @ OR St 1-3s4","CU","OR St","CU 22","FALSE","FALSE",7,0,5,1,3,28,1,13,32
"812","221021 CU @ OR St 1-3s4","OR St","CU","22","TRUE","TRUE",7,0,5,1,3,28,1,13,32
"813","221023 CU @ OR 0-3s1","CU","OR","CU 22","FALSE","FALSE",2,0,6,0,1,31,8,8,40
"814","221023 CU @ OR 0-3s1","OR","CU","22","TRUE","TRUE",2,0,6,0,1,31,8,8,40
"815","221023 CU @ OR 0-3s2","CU","OR","CU 22","FALSE","FALSE",3,1,8,0,4,22,4,12,30
"816","221023 CU @ OR 0-3s2","OR","CU","22","TRUE","TRUE",3,1,8,0,4,22,4,12,30
"817","221023 CU @ OR 0-3s3","CU","OR","CU 22","FALSE","FALSE",8,0,4,0,6,25,4,12,35
"818","221023 CU @ OR 0-3s3","OR","CU","22","TRUE","TRUE",8,0,4,0,6,25,4,12,35
"819","221028 CU vs UCLA 3-1s1","CU","UCLA","CU 22","TRUE","TRUE",3,0,12,0,1,27,5,15,33
"820","221028 CU vs UCLA 3-1s1","UCLA","CU","22","FALSE","FALSE",3,0,12,0,1,27,5,15,33
"821","221028 CU vs UCLA 3-1s2","CU","UCLA","CU 22","TRUE","FALSE",6,0,5,0,1,26,5,11,32
"822","221028 CU vs UCLA 3-1s2","UCLA","CU","22","FALSE","TRUE",6,0,5,0,1,26,5,11,32
"823","221028 CU vs UCLA 3-1s3","CU","UCLA","CU 22","TRUE","TRUE",1,1,3,1,1,28,5,6,34
"824","221028 CU vs UCLA 3-1s3","UCLA","CU","22","FALSE","FALSE",1,1,3,1,1,28,5,6,34
"825","221028 CU vs UCLA 3-1s4","CU","UCLA","CU 22","TRUE","TRUE",4,1,8,1,3,27,6,14,36
"826","221028 CU vs UCLA 3-1s4","UCLA","CU","22","FALSE","FALSE",4,1,8,1,3,27,6,14,36
"827","221030 CU vs USC 3-1s1","CU","USC","CU 22","TRUE","FALSE",4,0,6,0,2,31,2,10,35
"828","221030 CU vs USC 3-1s1","USC","CU","22","FALSE","TRUE",4,0,6,0,2,31,2,10,35
"829","221030 CU vs USC 3-1s2","CU","USC","CU 22","TRUE","TRUE",4,1,8,0,4,23,7,13,34
"830","221030 CU vs USC 3-1s2","USC","CU","22","FALSE","FALSE",4,1,8,0,4,23,7,13,34
"831","221030 CU vs USC 3-1s3","CU","USC","CU 22","TRUE","TRUE",3,3,1,1,4,26,6,8,36
"832","221030 CU vs USC 3-1s3","USC","CU","22","FALSE","FALSE",3,3,1,1,4,26,6,8,36
"833","221030 CU vs USC 3-1s4","CU","USC","CU 22","TRUE","TRUE",4,0,3,0,3,27,8,7,38
"834","221030 CU vs USC 3-1s4","USC","CU","22","FALSE","FALSE",4,0,3,0,3,27,8,7,38
"835","221104 CU @ Cal 3-1s1","CU","Cal","CU 22","TRUE","TRUE",2,1,5,0,4,25,4,8,33
"836","221104 CU @ Cal 3-1s1","Cal","CU","22","FALSE","FALSE",2,1,5,0,4,25,4,8,33
"837","221104 CU @ Cal 3-1s2","CU","Cal","CU 22","TRUE","FALSE",2,2,9,1,3,21,6,14,30
"838","221104 CU @ Cal 3-1s2","Cal","CU","22","FALSE","TRUE",2,2,9,1,3,21,6,14,30
"839","221104 CU @ Cal 3-1s3","CU","Cal","CU 22","TRUE","TRUE",2,2,3,0,2,27,9,7,38
"840","221104 CU @ Cal 3-1s3","Cal","CU","22","FALSE","FALSE",2,2,3,0,2,27,9,7,38
"841","221104 CU @ Cal 3-1s4","CU","Cal","CU 22","TRUE","TRUE",3,0,4,0,0,31,3,7,34
"842","221104 CU @ Cal 3-1s4","Cal","CU","22","FALSE","FALSE",3,0,4,0,0,31,3,7,34
"843","221106 CU @ Stan 0-3s1","CU","Stan","CU 22","FALSE","FALSE",6,1,4,0,2,25,3,11,30
"844","221106 CU @ Stan 0-3s1","Stan","CU","22","TRUE","TRUE",6,1,4,0,2,25,3,11,30
"845","221106 CU @ Stan 0-3s2","CU","Stan","CU 22","FALSE","FALSE",8,1,3,1,3,27,7,13,37
"846","221106 CU @ Stan 0-3s2","Stan","CU","22","TRUE","TRUE",8,1,3,1,3,27,7,13,37
"847","221106 CU @ Stan 0-3s3","CU","Stan","CU 22","FALSE","FALSE",9,2,2,0,2,27,3,13,32
"848","221106 CU @ Stan 0-3s3","Stan","CU","22","TRUE","TRUE",9,2,2,0,2,27,3,13,32
"849","221110 CU vs OR 2-3s1","CU","OR","CU 22","FALSE","TRUE",3,1,7,1,1,21,4,12,26
"850","221110 CU vs OR 2-3s1","OR","CU","22","TRUE","FALSE",3,1,7,1,1,21,4,12,26
"851","221110 CU vs OR 2-3s2","CU","OR","CU 22","FALSE","TRUE",2,0,5,1,2,31,4,8,37
"852","221110 CU vs OR 2-3s2","OR","CU","22","TRUE","FALSE",2,0,5,1,2,31,4,8,37
"853","221110 CU vs OR 2-3s3","CU","OR","CU 22","FALSE","FALSE",2,0,5,0,1,36,3,7,40
"854","221110 CU vs OR 2-3s3","OR","CU","22","TRUE","TRUE",2,0,5,0,1,36,3,7,40
"855","221110 CU vs OR 2-3s4","CU","OR","CU 22","FALSE","FALSE",4,2,6,0,2,30,6,12,38
"856","221110 CU vs OR 2-3s4","OR","CU","22","TRUE","TRUE",4,2,6,0,2,30,6,12,38
"857","221110 CU vs OR 2-3s5","CU","OR","CU 22","FALSE","FALSE",0,1,7,0,3,14,2,8,19
"858","221110 CU vs OR 2-3s5","OR","CU","22","TRUE","TRUE",0,1,7,0,3,14,2,8,19
"859","221112 CU vs OR St 3-0s1","CU","OR St","CU 22","TRUE","TRUE",1,0,10,0,1,21,4,11,26
"860","221112 CU vs OR St 3-0s1","OR St","CU","22","FALSE","FALSE",1,0,10,0,1,21,4,11,26
"861","221112 CU vs OR St 3-0s2","CU","OR St","CU 22","TRUE","TRUE",4,0,9,0,1,23,5,13,29
"862","221112 CU vs OR St 3-0s2","OR St","CU","22","FALSE","FALSE",4,0,9,0,1,23,5,13,29
"863","221112 CU vs OR St 3-0s3","CU","OR St","CU 22","TRUE","TRUE",4,0,5,1,4,19,5,10,28
"864","221112 CU vs OR St 3-0s3","OR St","CU","22","FALSE","FALSE",4,0,5,1,4,19,5,10,28
"865","221118 CU @ WA 3-0s1","CU","WA","CU 22","TRUE","TRUE",8,1,3,0,3,28,3,12,34
"866","221118 CU @ WA 3-0s1","WA","CU","22","FALSE","FALSE",8,1,3,0,3,28,3,12,34
"867","221118 CU @ WA 3-0s2","CU","WA","CU 22","TRUE","TRUE",8,0,4,0,5,29,4,12,38
"868","221118 CU @ WA 3-0s2","WA","CU","22","FALSE","FALSE",8,0,4,0,5,29,4,12,38
"869","221118 CU @ WA 3-0s3","CU","WA","CU 22","TRUE","TRUE",8,0,4,0,5,25,3,12,33
"870","221118 CU @ WA 3-0s3","WA","CU","22","FALSE","FALSE",8,0,4,0,5,25,3,12,33
"871","221120 CU @ WA St 1-3s1","CU","WA St","CU 22","FALSE","FALSE",3,0,7,1,0,26,8,11,34
"872","221120 CU @ WA St 1-3s1","WA St","CU","22","TRUE","TRUE",3,0,7,1,0,26,8,11,34
"873","221120 CU @ WA St 1-3s2","CU","WA St","CU 22","FALSE","TRUE",4,1,2,2,3,31,3,9,37
"874","221120 CU @ WA St 1-3s2","WA St","CU","22","TRUE","FALSE",4,1,2,2,3,31,3,9,37
"875","221120 CU @ WA St 1-3s3","CU","WA St","CU 22","FALSE","FALSE",3,1,5,0,6,27,2,9,35
"876","221120 CU @ WA St 1-3s3","WA St","CU","22","TRUE","TRUE",3,1,5,0,6,27,2,9,35
"877","221120 CU @ WA St 1-3s4","CU","WA St","CU 22","FALSE","FALSE",2,1,7,0,3,18,5,10,26
"878","221120 CU @ WA St 1-3s4","WA St","CU","22","TRUE","TRUE",2,1,7,0,3,18,5,10,26
"879","221123 CU @ AZ 3-1s1","AZ","CU","22","FALSE","FALSE",6,1,5,1,5,23,3,13,31
"880","221123 CU @ AZ 3-1s1","CU","AZ","CU 22","TRUE","TRUE",6,1,5,1,5,23,3,13,31
"881","221123 CU @ AZ 3-1s2","AZ","CU","22","FALSE","TRUE",5,0,5,1,10,27,2,11,39
"882","221123 CU @ AZ 3-1s2","CU","AZ","CU 22","TRUE","FALSE",5,0,5,1,10,27,2,11,39
"883","221123 CU @ AZ 3-1s3","AZ","CU","22","FALSE","FALSE",3,0,5,0,3,31,5,8,39
"884","221123 CU @ AZ 3-1s3","CU","AZ","CU 22","TRUE","TRUE",3,0,5,0,3,31,5,8,39
"885","221123 CU @ AZ 3-1s4","AZ","CU","22","FALSE","FALSE",4,0,2,1,3,26,6,7,35
"886","221123 CU @ AZ 3-1s4","CU","AZ","CU 22","TRUE","TRUE",4,0,2,1,3,26,6,7,35
"887","221125 CU vs UT 3-1s1","CU","UT","CU 22","TRUE","FALSE",4,0,6,0,2,30,2,10,34
"888","221125 CU vs UT 3-1s1","UT","CU","22","FALSE","TRUE",4,0,6,0,2,30,2,10,34
"889","221125 CU vs UT 3-1s2","CU","UT","CU 22","TRUE","TRUE",5,1,6,0,1,29,4,12,34
"890","221125 CU vs UT 3-1s2","UT","CU","22","FALSE","FALSE",5,1,6,0,1,29,4,12,34
"891","221125 CU vs UT 3-1s3","CU","UT","CU 22","TRUE","TRUE",5,1,5,0,4,27,6,11,37
"892","221125 CU vs UT 3-1s3","UT","CU","22","FALSE","FALSE",5,1,5,0,4,27,6,11,37
"893","221125 CU vs UT 3-1s4","CU","UT","CU 22","TRUE","TRUE",0,0,7,0,3,29,3,7,35
"894","221125 CU vs UT 3-1s4","UT","CU","22","FALSE","FALSE",0,0,7,0,3,29,3,7,35
"895","221201 CU vs Rice 1-3s1","CU","Rice","CU 22","FALSE","FALSE",6,2,9,0,1,29,3,17,33
"896","221201 CU vs Rice 1-3s1","Rice","CU","22","TRUE","TRUE",6,2,9,0,1,29,3,17,33
"897","221201 CU vs Rice 1-3s2","CU","Rice","CU 22","FALSE","TRUE",3,1,8,0,1,30,7,12,38
"898","221201 CU vs Rice 1-3s2","Rice","CU","22","TRUE","FALSE",3,1,8,0,1,30,7,12,38
"899","221201 CU vs Rice 1-3s3","CU","Rice","CU 22","FALSE","FALSE",1,0,8,1,3,25,3,10,31
"900","221201 CU vs Rice 1-3s3","Rice","CU","22","TRUE","TRUE",1,0,8,1,3,25,3,10,31
"901","221201 CU vs Rice 1-3s4","CU","Rice","CU 22","FALSE","FALSE",1,2,7,1,1,26,1,11,28
"902","221201 CU vs Rice 1-3s4","Rice","CU","22","TRUE","TRUE",1,2,7,1,1,26,1,11,28
"903","230825 CU vs UNLV 1-3s1","CU","UNLV","CU 23","FALSE","TRUE",4,1,12,0,3,22,3,17,28
"904","230825 CU vs UNLV 1-3s1","UNLV","CU","23","TRUE","FALSE",4,1,12,0,3,22,3,17,28
"905","230825 CU vs UNLV 1-3s2","CU","UNLV","CU 23","FALSE","FALSE",5,1,5,0,3,28,6,11,37
"906","230825 CU vs UNLV 1-3s2","UNLV","CU","23","TRUE","TRUE",5,1,5,0,3,28,6,11,37
"907","230825 CU vs UNLV 1-3s3","CU","UNLV","CU 23","FALSE","FALSE",4,0,5,0,4,22,4,9,30
"908","230825 CU vs UNLV 1-3s3","UNLV","CU","23","TRUE","TRUE",4,0,5,0,4,22,4,9,30
"909","230825 CU vs UNLV 1-3s4","CU","UNLV","CU 23","FALSE","FALSE",5,0,4,0,4,27,3,9,34
"910","230825 CU vs UNLV 1-3s4","UNLV","CU","23","TRUE","TRUE",5,0,4,0,4,27,3,9,34
"911","230826 CU vs Campbell 3-0s1","CU","Campbell","CU 23","TRUE","TRUE",4,0,8,1,3,26,3,13,32
"912","230826 CU vs Campbell 3-0s1","Campbell","CU","23","FALSE","FALSE",4,0,8,1,3,26,3,13,32
"913","230826 CU vs Campbell 3-0s2","CU","Campbell","CU 23","TRUE","TRUE",2,0,6,0,4,15,9,8,28
"914","230826 CU vs Campbell 3-0s2","Campbell","CU","23","FALSE","FALSE",2,0,6,0,4,15,9,8,28
"915","230826 CU vs Campbell 3-0s3","CU","Campbell","CU 23","TRUE","TRUE",4,3,4,0,3,26,7,11,36
"916","230826 CU vs Campbell 3-0s3","Campbell","CU","23","FALSE","FALSE",4,3,4,0,3,26,7,11,36
"917","230827 CU vs N TX 3-0s1","CU","N TX","CU 23","TRUE","TRUE",5,0,6,1,3,28,0,12,31
"918","230827 CU vs N TX 3-0s1","N TX","CU","23","FALSE","FALSE",5,0,6,1,3,28,0,12,31
"919","230827 CU vs N TX 3-0s2","CU","N TX","CU 23","TRUE","TRUE",2,0,6,0,2,36,2,8,40
"920","230827 CU vs N TX 3-0s2","N TX","CU","23","FALSE","FALSE",2,0,6,0,2,36,2,8,40
"921","230827 CU vs N TX 3-0s3","CU","N TX","CU 23","TRUE","TRUE",3,2,7,1,1,29,1,13,31
"922","230827 CU vs N TX 3-0s3","N TX","CU","23","FALSE","FALSE",3,2,7,1,1,29,1,13,31
"923","230831 CU @ UNCO 3-0s1","CU","UNCO","CU 23","TRUE","TRUE",6,0,6,0,2,29,3,12,34
"924","230831 CU @ UNCO 3-0s1","UNCO","CU","23","FALSE","FALSE",6,0,6,0,2,29,3,12,34
"925","230831 CU @ UNCO 3-0s2","CU","UNCO","CU 23","TRUE","TRUE",5,2,4,0,4,24,4,11,32
"926","230831 CU @ UNCO 3-0s2","UNCO","CU","23","FALSE","FALSE",5,2,4,0,4,24,4,11,32
"927","230831 CU @ UNCO 3-0s3","CU","UNCO","CU 23","TRUE","TRUE",8,1,6,0,3,22,7,15,32
"928","230831 CU @ UNCO 3-0s3","UNCO","CU","23","FALSE","FALSE",8,1,6,0,3,22,7,15,32
"929","230901 CU vs Xavier 3-0s1","CU","Xavier","CU 23","TRUE","TRUE",3,0,5,0,1,32,0,8,33
"930","230901 CU vs Xavier 3-0s1","Xavier","CU","23","FALSE","FALSE",3,0,5,0,1,32,0,8,33
"931","230901 CU vs Xavier 3-0s2","CU","Xavier","CU 23","TRUE","TRUE",4,0,6,0,2,27,6,10,35
"932","230901 CU vs Xavier 3-0s2","Xavier","CU","23","FALSE","FALSE",4,0,6,0,2,27,6,10,35
"933","230901 CU vs Xavier 3-0s3","CU","Xavier","CU 23","TRUE","TRUE",2,1,9,0,1,15,7,12,23
"934","230901 CU vs Xavier 3-0s3","Xavier","CU","23","FALSE","FALSE",2,1,9,0,1,15,7,12,23
"935","230902 CU vs UNCC 3-0s1","CU","UNCC","CU 23","TRUE","TRUE",3,0,6,1,1,24,5,10,30
"936","230902 CU vs UNCC 3-0s1","UNCC","CU","23","FALSE","FALSE",3,0,6,1,1,24,5,10,30
"937","230902 CU vs UNCC 3-0s2","CU","UNCC","CU 23","TRUE","TRUE",6,0,6,0,4,21,4,12,29
"938","230902 CU vs UNCC 3-0s2","UNCC","CU","23","FALSE","FALSE",6,0,6,0,4,21,4,12,29
"939","230902 CU vs UNCC 3-0s3","CU","UNCC","CU 23","TRUE","TRUE",7,1,3,2,1,27,4,13,32
"940","230902 CU vs UNCC 3-0s3","UNCC","CU","23","FALSE","FALSE",7,1,3,2,1,27,4,13,32
"941","230908 CU vs KS 1-3s1","CU","KS","CU 23","FALSE","FALSE",6,2,8,0,3,26,3,16,32
"942","230908 CU vs KS 1-3s1","KS","CU","23","TRUE","TRUE",6,2,8,0,3,26,3,16,32
"943","230908 CU vs KS 1-3s2","CU","KS","CU 23","FALSE","TRUE",6,0,11,0,2,26,7,17,35
"944","230908 CU vs KS 1-3s2","KS","CU","23","TRUE","FALSE",6,0,11,0,2,26,7,17,35
"945","230908 CU vs KS 1-3s3","CU","KS","CU 23","FALSE","FALSE",8,1,7,0,1,24,1,16,26
"946","230908 CU vs KS 1-3s3","KS","CU","23","TRUE","TRUE",8,1,7,0,1,24,1,16,26
"947","230908 CU vs KS 1-3s4","CU","KS","CU 23","FALSE","FALSE",6,0,4,1,5,26,3,11,34
"948","230908 CU vs KS 1-3s4","KS","CU","23","TRUE","TRUE",6,0,4,1,5,26,3,11,34
"949","230909 CU @ WIchita St 3-0s1","CU","Wichita St","CU 23","TRUE","TRUE",8,1,6,1,3,21,6,16,30
"950","230909 CU @ WIchita St 3-0s1","Wichita St","CU","23","FALSE","FALSE",8,1,6,1,3,21,6,16,30
"951","230909 CU @ WIchita St 3-0s2","CU","Wichita St","CU 23","TRUE","TRUE",4,0,5,1,5,14,7,10,26
"952","230909 CU @ WIchita St 3-0s2","Wichita St","CU","23","FALSE","FALSE",4,0,5,1,5,14,7,10,26
"953","230909 CU @ WIchita St 3-0s3","CU","Wichita St","CU 23","TRUE","TRUE",8,1,3,0,3,28,5,12,36
"954","230909 CU @ WIchita St 3-0s3","Wichita St","CU","23","FALSE","FALSE",8,1,3,0,3,28,5,12,36
"955","230914 CU vs CO St 2-3s1","CO St","CU","23","TRUE","FALSE",6,0,5,0,2,31,4,11,37
"956","230914 CU vs CO St 2-3s1","CU","CO St","CU 23","FALSE","TRUE",6,0,5,0,2,31,4,11,37
"957","230914 CU vs CO St 2-3s2","CO St","CU","23","TRUE","FALSE",7,1,6,0,2,22,10,14,34
"958","230914 CU vs CO St 2-3s2","CU","CO St","CU 23","FALSE","TRUE",7,1,6,0,2,22,10,14,34
"959","230914 CU vs CO St 2-3s3","CO St","CU","23","TRUE","TRUE",7,0,3,0,2,30,4,10,36
"960","230914 CU vs CO St 2-3s3","CU","CO St","CU 23","FALSE","FALSE",7,0,3,0,2,30,4,10,36
"961","230914 CU vs CO St 2-3s4","CO St","CU","23","TRUE","TRUE",7,0,4,0,4,27,8,11,39
"962","230914 CU vs CO St 2-3s4","CU","CO St","CU 23","FALSE","FALSE",7,0,4,0,4,27,8,11,39
"963","230914 CU vs CO St 2-3s5","CO St","CU","23","TRUE","TRUE",3,0,4,0,0,19,2,7,21
"964","230914 CU vs CO St 2-3s5","CU","CO St","CU 23","FALSE","FALSE",3,0,4,0,0,19,2,7,21
"965","230915 CU @ CO St 3-2s1","CO St","CU","23","FALSE","TRUE",2,1,4,0,4,27,4,7,35
"966","230915 CU @ CO St 3-2s1","CU","CO St","CU 23","TRUE","FALSE",2,1,4,0,4,27,4,7,35
"967","230915 CU @ CO St 3-2s2","CO St","CU","23","FALSE","TRUE",6,0,1,1,1,29,7,8,37
"968","230915 CU @ CO St 3-2s2","CU","CO St","CU 23","TRUE","FALSE",6,0,1,1,1,29,7,8,37
"969","230915 CU @ CO St 3-2s3","CO St","CU","23","FALSE","FALSE",3,0,3,0,4,28,6,6,38
"970","230915 CU @ CO St 3-2s3","CU","CO St","CU 23","TRUE","TRUE",3,0,3,0,4,28,6,6,38
"971","230915 CU @ CO St 3-2s4","CO St","CU","23","FALSE","FALSE",3,2,6,0,5,33,5,11,43
"972","230915 CU @ CO St 3-2s4","CU","CO St","CU 23","TRUE","TRUE",3,2,6,0,5,33,5,11,43
"973","230915 CU @ CO St 3-2s5","CO St","CU","23","FALSE","FALSE",4,0,1,0,2,19,2,5,23
"974","230915 CU @ CO St 3-2s5","CU","CO St","CU 23","TRUE","TRUE",4,0,1,0,2,19,2,5,23
"975","230917 CU vs Den 3-1s1","CU","Den","CU 23","TRUE","FALSE",5,0,5,0,3,28,4,10,35
"976","230917 CU vs Den 3-1s1","Den","CU","23","FALSE","TRUE",5,0,5,0,3,28,4,10,35
"977","230917 CU vs Den 3-1s2","CU","Den","CU 23","TRUE","TRUE",7,0,3,0,2,26,8,10,36
"978","230917 CU vs Den 3-1s2","Den","CU","23","FALSE","FALSE",7,0,3,0,2,26,8,10,36
"979","230917 CU vs Den 3-1s3","CU","Den","CU 23","TRUE","TRUE",4,1,7,1,1,22,8,13,31
"980","230917 CU vs Den 3-1s3","Den","CU","23","FALSE","FALSE",4,1,7,1,1,22,8,13,31
"981","230917 CU vs Den 3-1s4","CU","Den","CU 23","TRUE","TRUE",0,0,7,0,3,25,8,7,36
"982","230917 CU vs Den 3-1s4","Den","CU","23","FALSE","FALSE",0,0,7,0,3,25,8,7,36
"983","230921 CU vs UT 3-1s1","CU","UT","CU 23","TRUE","TRUE",3,0,5,0,4,22,6,8,32
"984","230921 CU vs UT 3-1s1","UT","CU","23","FALSE","FALSE",3,0,5,0,4,22,6,8,32
"985","230921 CU vs UT 3-1s2","CU","UT","CU 23","TRUE","TRUE",3,0,8,0,3,21,8,11,32
"986","230921 CU vs UT 3-1s2","UT","CU","23","FALSE","FALSE",3,0,8,0,3,21,8,11,32
"987","230921 CU vs UT 3-1s3","CU","UT","CU 23","TRUE","FALSE",6,1,5,1,5,34,6,13,45
"988","230921 CU vs UT 3-1s3","UT","CU","23","FALSE","TRUE",6,1,5,1,5,34,6,13,45
"989","230921 CU vs UT 3-1s4","CU","UT","CU 23","TRUE","TRUE",7,0,13,0,3,17,4,20,24
"990","230921 CU vs UT 3-1s4","UT","CU","23","FALSE","FALSE",7,0,13,0,3,17,4,20,24
"991","230924 CU vs Stan 0-3s1","CU","Stan","CU 23","FALSE","FALSE",4,0,6,1,4,26,4,11,34
"992","230924 CU vs Stan 0-3s1","Stan","CU","23","TRUE","TRUE",4,0,6,1,4,26,4,11,34
"993","230924 CU vs Stan 0-3s2","CU","Stan","CU 23","FALSE","FALSE",4,1,3,0,2,27,9,8,38
"994","230924 CU vs Stan 0-3s2","Stan","CU","23","TRUE","TRUE",4,1,3,0,2,27,9,8,38
"995","230924 CU vs Stan 0-3s3","CU","Stan","CU 23","FALSE","FALSE",2,0,6,0,1,30,6,8,37
"996","230924 CU vs Stan 0-3s3","Stan","CU","23","TRUE","TRUE",2,0,6,0,1,30,6,8,37
"997","230929 CU @ UCLA 0-3s1","CU","UCLA","CU 23","FALSE","FALSE",5,0,6,0,4,22,11,11,37
"998","230929 CU @ UCLA 0-3s1","UCLA","CU","23","TRUE","TRUE",5,0,6,0,4,22,11,11,37
"999","230929 CU @ UCLA 0-3s2","CU","UCLA","CU 23","FALSE","FALSE",4,0,9,1,5,22,5,14,32
"1000","230929 CU @ UCLA 0-3s2","UCLA","CU","23","TRUE","TRUE",4,0,9,1,5,22,5,14,32
"1001","230929 CU @ UCLA 0-3s3","CU","UCLA","CU 23","FALSE","FALSE",2,1,5,1,3,27,3,9,33
"1002","230929 CU @ UCLA 0-3s3","UCLA","CU","23","TRUE","TRUE",2,1,5,1,3,27,3,9,33
"1003","231001 CU @ USC 1-3s1","CU","USC","CU 23","FALSE","TRUE",9,0,3,0,5,24,3,12,32
"1004","231001 CU @ USC 1-3s1","USC","CU","23","TRUE","FALSE",9,0,3,0,5,24,3,12,32
"1005","231001 CU @ USC 1-3s2","CU","USC","CU 23","FALSE","FALSE",5,0,5,0,5,21,5,10,31
"1006","231001 CU @ USC 1-3s2","USC","CU","23","TRUE","TRUE",5,0,5,0,5,21,5,10,31
"1007","231001 CU @ USC 1-3s3","CU","USC","CU 23","FALSE","FALSE",7,0,7,0,2,26,3,14,31
"1008","231001 CU @ USC 1-3s3","USC","CU","23","TRUE","TRUE",7,0,7,0,2,26,3,14,31
"1009","231001 CU @ USC 1-3s4","CU","USC","CU 23","FALSE","FALSE",7,0,3,1,2,24,3,11,29
"1010","231001 CU @ USC 1-3s4","USC","CU","23","TRUE","TRUE",7,0,3,1,2,24,3,11,29
"1011","231006 CU vs OR 0-3s1","CU","OR","CU 23","FALSE","FALSE",3,0,7,1,2,22,8,11,32
"1012","231006 CU vs OR 0-3s1","OR","CU","23","TRUE","TRUE",3,0,7,1,2,22,8,11,32
"1013","231006 CU vs OR 0-3s2","CU","OR","CU 23","FALSE","FALSE",5,1,3,0,1,25,9,9,35
"1014","231006 CU vs OR 0-3s2","OR","CU","23","TRUE","TRUE",5,1,3,0,1,25,9,9,35
"1015","231006 CU vs OR 0-3s3","CU","OR","CU 23","FALSE","FALSE",2,0,3,0,3,33,5,5,41
"1016","231006 CU vs OR 0-3s3","OR","CU","23","TRUE","TRUE",2,0,3,0,3,33,5,5,41
"1017","231008 CU vs OR St 3-2s1","CU","OR St","CU 23","TRUE","FALSE",3,2,3,0,2,28,3,8,33
"1018","231008 CU vs OR St 3-2s1","OR St","CU","23","FALSE","TRUE",3,2,3,0,2,28,3,8,33
"1019","231008 CU vs OR St 3-2s2","CU","OR St","CU 23","TRUE","TRUE",5,1,2,1,7,22,8,9,37
"1020","231008 CU vs OR St 3-2s2","OR St","CU","23","FALSE","FALSE",5,1,2,1,7,22,8,9,37
"1021","231008 CU vs OR St 3-2s3","CU","OR St","CU 23","TRUE","TRUE",4,2,5,0,2,25,6,11,33
"1022","231008 CU vs OR St 3-2s3","OR St","CU","23","FALSE","FALSE",4,2,5,0,2,25,6,11,33
"1023","231008 CU vs OR St 3-2s4","CU","OR St","CU 23","TRUE","FALSE",3,1,3,0,1,31,6,7,38
"1024","231008 CU vs OR St 3-2s4","OR St","CU","23","FALSE","TRUE",3,1,3,0,1,31,6,7,38
"1025","231008 CU vs OR St 3-2s5","CU","OR St","CU 23","TRUE","TRUE",2,0,1,0,1,17,5,3,23
"1026","231008 CU vs OR St 3-2s5","OR St","CU","23","FALSE","FALSE",2,0,1,0,1,17,5,3,23
"1027","231013 CU @ WA 0-3s1","CU","WA","CU 23","FALSE","FALSE",6,0,3,0,5,29,3,9,37
"1028","231013 CU @ WA 0-3s1","WA","CU","23","TRUE","TRUE",6,0,3,0,5,29,3,9,37
"1029","231013 CU @ WA 0-3s2","CU","WA","CU 23","FALSE","FALSE",5,1,3,0,2,28,4,9,34
"1030","231013 CU @ WA 0-3s2","WA","CU","23","TRUE","TRUE",5,1,3,0,2,28,4,9,34
"1031","231013 CU @ WA 0-3s3","CU","WA","CU 23","FALSE","FALSE",3,1,7,0,6,23,4,11,33
"1032","231013 CU @ WA 0-3s3","WA","CU","23","TRUE","TRUE",3,1,7,0,6,23,4,11,33
"1033","231015 CU @ WA St 0-3s1","CU","WA St","CU 23","FALSE","FALSE",8,0,6,0,1,24,9,14,34
"1034","231015 CU @ WA St 0-3s1","WA St","CU","23","TRUE","TRUE",8,0,6,0,1,24,9,14,34
"1035","231015 CU @ WA St 0-3s2","CU","WA St","CU 23","FALSE","FALSE",8,0,7,0,3,21,5,15,29
"1036","231015 CU @ WA St 0-3s2","WA St","CU","23","TRUE","TRUE",8,0,7,0,3,21,5,15,29
"1037","231015 CU @ WA St 0-3s3","CU","WA St","CU 23","FALSE","FALSE",4,3,3,0,1,25,6,10,32
"1038","231015 CU @ WA St 0-3s3","WA St","CU","23","TRUE","TRUE",4,3,3,0,1,25,6,10,32
"1039","231020 CU vs AZ 3-0s1","AZ","CU","23","FALSE","FALSE",6,0,10,0,3,26,1,16,30
"1040","231020 CU vs AZ 3-0s1","CU","AZ","CU 23","TRUE","TRUE",6,0,10,0,3,26,1,16,30
"1041","231020 CU vs AZ 3-0s2","AZ","CU","23","FALSE","FALSE",4,0,6,0,1,22,8,10,31
"1042","231020 CU vs AZ 3-0s2","CU","AZ","CU 23","TRUE","TRUE",4,0,6,0,1,22,8,10,31
"1043","231020 CU vs AZ 3-0s3","AZ","CU","23","FALSE","FALSE",5,1,6,0,2,24,3,12,29
"1044","231020 CU vs AZ 3-0s3","CU","AZ","CU 23","TRUE","TRUE",5,1,6,0,2,24,3,12,29
"1045","231022 CU vs AZ St 3-0s1","AZ St","CU","23","FALSE","FALSE",2,1,5,0,6,31,7,8,44
"1046","231022 CU vs AZ St 3-0s1","CU","AZ St","CU 23","TRUE","TRUE",2,1,5,0,6,31,7,8,44
"1047","231022 CU vs AZ St 3-0s2","AZ St","CU","23","FALSE","FALSE",2,0,7,0,2,28,4,9,34
"1048","231022 CU vs AZ St 3-0s2","CU","AZ St","CU 23","TRUE","TRUE",2,0,7,0,2,28,4,9,34
"1049","231022 CU vs AZ St 3-0s3","AZ St","CU","23","FALSE","FALSE",5,0,6,3,1,28,7,14,36
"1050","231022 CU vs AZ St 3-0s3","CU","AZ St","CU 23","TRUE","TRUE",5,0,6,3,1,28,7,14,36
"1051","231027 CU vs USC 3-2s1","CU","USC","CU 23","TRUE","FALSE",4,0,11,0,2,25,4,15,31
"1052","231027 CU vs USC 3-2s1","USC","CU","23","FALSE","TRUE",4,0,11,0,2,25,4,15,31
"1053","231027 CU vs USC 3-2s2","CU","USC","CU 23","TRUE","TRUE",2,0,5,0,9,28,2,7,39
"1054","231027 CU vs USC 3-2s2","USC","CU","23","FALSE","FALSE",2,0,5,0,9,28,2,7,39
"1055","231027 CU vs USC 3-2s3","CU","USC","CU 23","TRUE","FALSE",7,0,4,0,3,26,4,11,33
"1056","231027 CU vs USC 3-2s3","USC","CU","23","FALSE","TRUE",7,0,4,0,3,26,4,11,33
"1057","231027 CU vs USC 3-2s4","CU","USC","CU 23","TRUE","TRUE",3,0,8,1,2,28,6,12,36
"1058","231027 CU vs USC 3-2s4","USC","CU","23","FALSE","FALSE",3,0,8,1,2,28,6,12,36
"1059","231027 CU vs USC 3-2s5","CU","USC","CU 23","TRUE","TRUE",3,1,6,1,2,14,1,11,17
"1060","231027 CU vs USC 3-2s5","USC","CU","23","FALSE","FALSE",3,1,6,1,2,14,1,11,17
"1061","231029 CU vs UCLA 0-3s1","CU","UCLA","CU 23","FALSE","FALSE",7,1,5,0,3,30,6,13,39
"1062","231029 CU vs UCLA 0-3s1","UCLA","CU","23","TRUE","TRUE",7,1,5,0,3,30,6,13,39
"1063","231029 CU vs UCLA 0-3s2","CU","UCLA","CU 23","FALSE","FALSE",4,0,4,0,4,27,6,8,37
"1064","231029 CU vs UCLA 0-3s2","UCLA","CU","23","TRUE","TRUE",4,0,4,0,4,27,6,8,37
"1065","231029 CU vs UCLA 0-3s3","CU","UCLA","CU 23","FALSE","FALSE",5,0,6,0,1,28,6,11,35
"1066","231029 CU vs UCLA 0-3s3","UCLA","CU","23","TRUE","TRUE",5,0,6,0,1,28,6,11,35
"1067","231103 CU @ OR St 3-2s1","CU","OR St","CU 23","TRUE","FALSE",2,1,3,0,3,25,8,6,36
"1068","231103 CU @ OR St 3-2s1","OR St","CU","23","FALSE","TRUE",2,1,3,0,3,25,8,6,36
"1069","231103 CU @ OR St 3-2s2","CU","OR St","CU 23","TRUE","TRUE",4,1,6,0,3,31,3,11,37
"1070","231103 CU @ OR St 3-2s2","OR St","CU","23","FALSE","FALSE",4,1,6,0,3,31,3,11,37
"1071","231103 CU @ OR St 3-2s3","CU","OR St","CU 23","TRUE","FALSE",4,2,2,1,0,28,9,9,37
"1072","231103 CU @ OR St 3-2s3","OR St","CU","23","FALSE","TRUE",4,2,2,1,0,28,9,9,37
"1073","231103 CU @ OR St 3-2s4","CU","OR St","CU 23","TRUE","TRUE",3,1,6,0,5,21,7,10,33
"1074","231103 CU @ OR St 3-2s4","OR St","CU","23","FALSE","FALSE",3,1,6,0,5,21,7,10,33
"1075","231103 CU @ OR St 3-2s5","CU","OR St","CU 23","TRUE","TRUE",0,3,3,0,1,11,6,6,18
"1076","231103 CU @ OR St 3-2s5","OR St","CU","23","FALSE","FALSE",0,3,3,0,1,11,6,6,18
"1077","231105 CU @ OR 1-3s1","CU","OR","CU 23","FALSE","FALSE",0,0,6,0,6,17,3,6,26
"1078","231105 CU @ OR 1-3s1","OR","CU","23","TRUE","TRUE",0,0,6,0,6,17,3,6,26
"1079","231105 CU @ OR 1-3s2","CU","OR","CU 23","FALSE","TRUE",2,0,3,0,6,35,4,5,45
"1080","231105 CU @ OR 1-3s2","OR","CU","23","TRUE","FALSE",2,0,3,0,6,35,4,5,45
"1081","231105 CU @ OR 1-3s3","CU","OR","CU 23","FALSE","FALSE",4,1,5,2,0,30,3,12,33
"1082","231105 CU @ OR 1-3s3","OR","CU","23","TRUE","TRUE",4,1,5,2,0,30,3,12,33
"1083","231105 CU @ OR 1-3s4","CU","OR","CU 23","FALSE","FALSE",3,0,5,0,4,21,1,8,26
"1084","231105 CU @ OR 1-3s4","OR","CU","23","TRUE","TRUE",3,0,5,0,4,21,1,8,26
"1085","231109 CU @ AZ St 1-3s1","AZ St","CU","23","TRUE","FALSE",9,0,4,2,4,25,2,15,31
"1086","231109 CU @ AZ St 1-3s1","CU","AZ St","CU 23","FALSE","TRUE",9,0,4,2,4,25,2,15,31
"1087","231109 CU @ AZ St 1-3s2","AZ St","CU","23","TRUE","TRUE",7,0,8,0,4,22,5,15,31
"1088","231109 CU @ AZ St 1-3s2","CU","AZ St","CU 23","FALSE","FALSE",7,0,8,0,4,22,5,15,31
"1089","231109 CU @ AZ St 1-3s3","AZ St","CU","23","TRUE","TRUE",3,5,9,0,4,18,7,17,29
"1090","231109 CU @ AZ St 1-3s3","CU","AZ St","CU 23","FALSE","FALSE",3,5,9,0,4,18,7,17,29
"1091","231109 CU @ AZ St 1-3s4","AZ St","CU","23","TRUE","TRUE",2,0,4,0,3,30,2,6,35
"1092","231109 CU @ AZ St 1-3s4","CU","AZ St","CU 23","FALSE","FALSE",2,0,4,0,3,30,2,6,35
"1093","231111 CU @ AZ 2-3s1","AZ","CU","23","TRUE","TRUE",7,1,7,0,3,24,4,15,31
"1094","231111 CU @ AZ 2-3s1","CU","AZ","CU 23","FALSE","FALSE",7,1,7,0,3,24,4,15,31
"1095","231111 CU @ AZ 2-3s2","AZ","CU","23","TRUE","FALSE",7,1,6,1,2,27,3,15,32
"1096","231111 CU @ AZ 2-3s2","CU","AZ","CU 23","FALSE","TRUE",7,1,6,1,2,27,3,15,32
"1097","231111 CU @ AZ 2-3s3","AZ","CU","23","TRUE","FALSE",5,0,5,0,4,31,1,10,36
"1098","231111 CU @ AZ 2-3s3","CU","AZ","CU 23","FALSE","TRUE",5,0,5,0,4,31,1,10,36
"1099","231111 CU @ AZ 2-3s4","AZ","CU","23","TRUE","TRUE",6,1,6,0,1,32,4,13,37
"1100","231111 CU @ AZ 2-3s4","CU","AZ","CU 23","FALSE","FALSE",6,1,6,0,1,32,4,13,37
"1101","231111 CU @ AZ 2-3s5","AZ","CU","23","TRUE","TRUE",3,0,2,1,0,18,3,6,21
"1102","231111 CU @ AZ 2-3s5","CU","AZ","CU 23","FALSE","FALSE",3,0,2,1,0,18,3,6,21
